"COD UNIDADE ORGANIZACIONAL";"DESCRICAO UNIDADE ORGANIZACIONAL";"VP";"DIRETORIA";"AREA ATENDIMENTO"
"1773";"PR EQUIPE M&A QUALIDADE";"PRESIDENCIA";"LOGISTICA";""
"1463";"EQUIPE CONSOLIDACAO";"PRESIDENCIA";"FINANCEIRO DISTRIBUICAO";""
"2198";"EQUIPE HBN";"VP COMERCIAL";"PLANEJAMENTO DE VENDAS";""
"2991";"TMO - 138 - EQUIPE LOJA";"VP VAREJO";"OPERACOES LOJAS";""
"3454";"EQUIPE FISCAL VAREJO 2";"PRESIDENCIA";"FINANCEIRO VAREJO";""
"2560";"ROS - 357 - SUBGERENTE/LIDER";"VP VAREJO";"OPERACOES LOJAS";""
"2455";"DML - 58 - EQUIPE LOJA";"VP VAREJO";"OPERACOES LOJAS";""
"3634";"RJ EQUIPE SUPORTE CDS";"PRESIDENCIA";"FINANCEIRO DISTRIBUICAO";""
"3162";"DML - 5 - EQUIPE LOJA";"VP VAREJO";"OPERACOES LOJAS";""
"3492";"GER FINANCEIRO VAREJO - CONTAS A RECEBER";"PRESIDENCIA";"ADMINISTRATIVO FINANCEIRA";""
"2728";"ROS - 386 - EQUIPE LOJA";"VP VAREJO";"OPERACOES VAREJO";""
"2725";"ROS - 360 - EQUIPE LOJA";"VP VAREJO";"OPERACOES VAREJO";""
"3172";"ROS - 324 - EQUIPE LOJA";"VP VAREJO";"OPERACOES VAREJO";""
"1605";"SPI ENCARREGADO CONFERENCIA - T3";"PRESIDENCIA";"LOGISTICA";""
"3767";"ESPEC. INFRA TI";"PRESIDENCIA";"TECNOLOGIA INFORMACAO";""
"2461";"DML - 72 - EQUIPE LOJA";"VP VAREJO";"OPERACOES LOJAS";""
"2085";"GER PE";"VP COMERCIAL";"VENDAS";""
"2277";"DML - 89 - SUBGERENTE";"VP VAREJO";"OPERACOES LOJAS";""
"1544";"RJ EQUIPE LINHA 3 - T3";"PRESIDENCIA";"LOGISTICA";""
"3395";"ROS - 469 - EQUIPE LOJA";"VP VAREJO";"OPERACOES LOJAS";""
"1845";"AL EQUIPE PRODUCAO - T2";"PRESIDENCIA";"LOGISTICA";""
"2474";"DML - 23 - GER FARMACEUTICO/LOJA";"VP VAREJO";"OPERACOES LOJAS";""
"3386";"DML - 72 - EQUIPE LOJA";"VP VAREJO";"OPERACOES VAREJO";""
"3697";"PR SUP CGG";"PRESIDENCIA ";"CULTURA E GESTAO DE GENTE";""
"2631";"ROS - 355 - SUBGERENTE/LIDER";"VP VAREJO";"OPERACOES LOJAS";""
"2602";"ROS - 342 - GER FARMACEUTICO/LOJA";"VP VAREJO";"OPERACOES LOJAS";""
"3219";"SUPERINTENDENCIA ADMINISTRATIVA";"VP CORPORATIVA";"CENTRO SERVICOS COMPARTILHADOS";""
"3568";"EQUIPE ESG (REPORT GERENCIA)";"PRESIDENCIA";"ESG";""
"1569";"GER REGIONAL OPERACOES RJ e ES";"PRESIDENCIA";"LOGISTICA";""
"45";"COORD SUPRIMENTOS";"PRESIDENCIA";"ADMINISTRATIVO FINANCEIRA";""
"2456";"DML - 65 - EQUIPE LOJA";"VP VAREJO";"OPERACOES LOJAS";""
"3022";"TMO - 139 - SUBGERENTE/LIDER";"VP VAREJO";"OPERACOES LOJAS";""
"2880";"TMO - 142 - GER FARMACEUTICO/LOJA";"VP VAREJO";"OPERACOES LOJAS";""
"1435";"GER GOVERNANCA CGG";"PRESIDENCIA";"CULTURA E GESTAO DE GENTE";""
"2100";"MT EQUIPE DEVOLUCAO";"PRESIDENCIA";"LOGISTICA";""
"3780";"ROS - 477 - GER FARMACEUTICO/LOJE";"VP VAREJO";"OPERACOES LOJAS";""
"1663";"SUP MG SUL 1";"VP COMERCIAL";"VENDAS";""
"1522";"RJ SUP - QUALIDADE + ESTOQUE";"PRESIDENCIA";"LOGISTICA";""
"2712";"ROS - 306 - EQUIPE LOJA";"VP VAREJO";"OPERACOES LOJAS";""
"2223";"EQUIPE PROFISSA";"PRESIDENCIA";"CULTURA E GESTAO DE GENTE";""
"1423";"EQUIPE DESENVOLVIMENTO VAREJO";"PRESIDENCIA";"TECNOLOGIA INFORMACAO";""
"3049";"TMO - 178 - EQUIPE LOJA";"VP VAREJO";"OPERACOES LOJAS";""
"1508";"EQUIPE AUTOMACAO CDs";"PRESIDENCIA";"LOGISTICA";""
"2079";"SUP SAV";"VP COMERCIAL";"PLANEJAMENTO VENDAS";""
"1476";"FINANCEIRA DISTRIBUICAO SUPRIMENTOS (GER)";"VP FINANCAS";"TRIBUTARIA E FISCAL";""
"1568";"RJ EQUIPE FATURAMENTO";"PRESIDENCIA";"LOGISTICA";""
"3626";"DML - 639 - SUBGERENTE";"VP VAREJO";"OPERACOES LOJAS";""
"2172";"RJ EQUIPE GEOGRAFICA";"PRESIDENCIA";"LOGISTICA";""
"3369";"ROS - 470 - SUBGERENTE/LIDER";"VP VAREJO";"OPERACOES LOJAS";""
"3728";"ROS - 419 - SUBGERENTE";"VP VAREJO";"OPERACOES LOJAS";""
"1882";"BA ENCARREGADO PRODUCAO - T2";"PRESIDENCIA";"LOGISTICA";""
"3399";"ROS - 376 - EQUIPE LOJA";"VP VAREJO";"OPERACOES LOJAS";""
"1897";"BA ENCARREGADO CRDK - T2";"PRESIDENCIA";"LOGISTICA";""
"2090";"SPC EQUIPE CRDK/FOB - T3";"PRESIDENCIA";"LOGISTICA";""
"3641";"ROS - 397 - GER FARMACEUTICO/LOJA";"VP VAREJO";"OPERACOES LOJAS";""
"3033";"TMO - 188 - SUBGERENTE/LIDER";"VP VAREJO";"OPERACOES LOJAS";""
"2058";"EQUIPE SOCIETARIO E CONTRATOS";"VP ESTRATEGIA E FINANCAS";"JURIDICO";""
"3331";"ROS - 366 - GER FARMACEUTICO/LOJA";"VP VAREJO";"OPERACOES LOJAS";""
"1344";"GER QUALIDADE TRANSPORTES";"PRESIDENCIA";"LOGISTICA";""
"3";"VP FINANCAS E ESTRATEGIA";"VP ESTRATEGIA E FINANCAS";"VP ESTRATEGIA E FINANCAS";""
"1563";"RJ ENCARREGADO RECEBIMENTO - T2";"PRESIDENCIA";"LOGISTICA";""
"1843";"AL EQUIPE PRODUCAO - T1";"PRESIDENCIA";"LOGISTICA";""
"2322";"DML - 604 - SUBGERENTE";"VP VAREJO";"OPERACOES LOJAS";""
"3727";"ROS - 419 - GER FARMACEUTICO/LOJA";"VP VAREJO";"OPERACOES LOJAS";""
"1601";"SPI ENCARREGADO RECEBIMENTO/ARMAZENAGEM - T1";"PRESIDENCIA";"LOGISTICA";""
"2381";"DML - 24 - EQUIPE LOJA";"VP VAREJO";"OPERACOES LOJAS";""
"1611";"SPI EQUIPE LINHA 3/ABASTECIMENTO - T3";"PRESIDENCIA";"LOGISTICA";""
"2042";"ES EQUIPE D&E - T3";"PRESIDENCIA";"LOGISTICA";""
"1540";"RJ EQUIPE PICKING BAIXO - T3";"PRESIDENCIA";"LOGISTICA";""
"1543";"RJ ENCARREGADO LINHA 3 - T3";"PRESIDENCIA";"LOGISTICA";""
"2227";"SUP FACILITIES MG";"PRESIDENCIA";"FINANCEIRO DISTRIBUICAO";""
"3005";"TMO - 150 - GER FARMACEUTICO/LOJA";"VP VAREJO";"OPERACOES LOJAS";""
"3065";"TMO - 168 - GER FARMACEUTICO/LOJA";"VP VAREJO";"OPERACOES LOJAS";""
"3748";"ROS - 472 - EQUIPE LOJA";"VP VAREJO";"OPERACOES VAREJO";""
"2439";"DML - 608 - SUBGERENTE";"VP VAREJO";"OPERACOES LOJAS";""
"2908";"TMO - 177 - SUBGERENTE/LIDER";"VP VAREJO";"OPERACOES LOJAS";""
"3719";"BA ENCARREGADO PRODUCAO - T3";"PRESIDENCIA";"LOGISTICA";""
"3362";"ROS - 378 - SUBGERENTE/LIDER";"VP VAREJO";"OPERACOES LOJAS";""
"154";"SUPERINTENDENCIA MEX";"VP VAREJO";"MARKETING VAREJO";""
"3231";"EQUIPE REDES PE";"VP COMERCIAL";"VENDAS";""
"1885";"BA EQUIPE PICKING - T3";"PRESIDENCIA";"LOGISTICA";""
"1746";"RS EQUIPE DEVOLUCAO";"PRESIDENCIA";"LOGISTICA";""
"2584";"ROS - 351 - EQUIPE LOJA";"VP VAREJO";"OPERACOES LOJAS";""
"3129";"ROS - 376 - GER FARMACEUTICO/LOJA";"VP VAREJO";"OPERACOES VAREJO";""
"2792";"ROS - 430 - SUBGERENTE/LIDER";"VP VAREJO";"OPERACOES LOJAS";""
"3376";"ROS - 368 - SUBGERENTE/LIDER";"VP VAREJO";"OPERACOES LOJAS";""
"1972";"EQUIPE REDES BA / SE";"VP COMERCIAL";"VENDAS";""
"1454";"EQUIPE SUPPLY CHAIN GRANDES CONTAS LOGISTICA";"PRESIDENCIA";"SUPPLY CHAIN";""
"3575";"GER COMERCIAL SPECIALTY (CALL CENTER E TIME EXTERNO)";"VP SPECIALTY";"VP SPECIALTY";""
"2505";"DML - 15 - EQUIPE LOJA";"VP VAREJO";"OPERACOES LOJAS";""
"3639";"DML - 641 - SUBGERENTE";"VP VAREJO";"OPERACOES LOJAS";""
"1648";"SUP REDES SUL 2";"VP COMERCIAL";"VENDAS";""
"359";"SUPERINTENDENCIA NACIONAL TRANSPORTES";"PRESIDENCIA";"LOGISTICA";""
"3438";"EQUIPE  CONTAS A RECEBER";"PRESIDENCIA";"ADMINISTRATIVO FINANCEIRA";""
"3765";"SUP TORRE DE CONTROLE SPECIALTY";"VP SPECIALTY";"VP SPECIALTY";""
"1377";"INTELIGENCIA DE MERCADO";"PRESIDENCIA";"TECNOLOGIA INFORMACAO";""
"1892";"BA EQUIPE DEVOLUCAO";"PRESIDENCIA";"LOGISTICA";""
"2805";"ROS - 368 - EQUIPE LOJA";"VP VAREJO";"OPERACOES VAREJO";""
"3103";"GER REGIONAL DML/FML 6";"VP VAREJO";"OPERACOES LOJAS";""
"2301";"DML - 81 - GER FARMACEUTICO/LOJA";"VP VAREJO";"OPERACOES LOJAS";""
"3165";"DML - 25 - EQUIPE LOJA";"VP VAREJO";"OPERACOES LOJAS";""
"2177";"EQUIPE GER CALL CENTER";"VP COMERCIAL";"PLANEJAMENTO VENDAS";""
"13";"GER PROJETOS VP CORPORATIVA";"VP CORPORATIVA";"VP CORPORATIVA";""
"4";"CFO FINANCEIRO VAREJO";"PRESIDENCIA";"LOGISTICA";""
"2772";"ROS - 384 - GER FARMACEUTICO/LOJA";"VP VAREJO";"OPERACOES LOJAS";""
"2561";"ROS - 366 - SUBGERENTE/LIDER";"VP VAREJO";"OPERACOES VAREJO";""
"2383";"DML - 31 - EQUIPE LOJA";"VP VAREJO";"OPERACOES LOJAS";""
"3188";"EQUIPE SUPRIMENTOS VAREJO";"PRESIDENCIA";"FINANCEIRO VAREJO";""
"3106";"ENCARREGADO RJ 1";"VP VAREJO";"OPERACOES LOJAS";""
"2374";"DML - 60 - SUBGERENTE";"VP VAREJO";"OPERACOES LOJAS";""
"2951";"TMO - 184 - GER FARMACEUTICO/LOJA";"VP VAREJO";"OPERACOES LOJAS";""
"2660";"ROS - 394 - EQUIPE LOJA";"VP VAREJO";"OPERACOES LOJAS";""
"2985";"TMO - 118 - EQUIPE LOJA";"VP VAREJO";"OPERACOES VAREJO";""
"2863";"TMO - 173 - EQUIPE LOJA";"VP VAREJO";"OPERACOES LOJAS";""
"1359";"EQUIPE PLANEJAMENTO LOGISTICO (CRDK/FOB)";"PRESIDENCIA";"LOGISTICA";""
"2080";"SAV EQUIPES";"VP COMERCIAL";"PLANEJAMENTO VENDAS";""
"1381";"GESTAO DE CATEGORIAS NAO MEDICAMENTOS";"VP COMERCIAL";"COMERCIAL";""
"243";"COMERCIAL RX EQUIPE";"VP COMERCIAL";"COMERCIAL";""
"1979";"CONTAS PR";"VP COMERCIAL";"VENDAS";""
"1572";"SPC DESPESA/ORCAMENTO";"PRESIDENCIA";"LOGISTICA";""
"39";"MT COORD OPERACOES";"PRESIDENCIA";"LOGISTICA";""
"3200";"EQUIPE PRECIFICACAO VAREJO";"VP VAREJO";"COMERCIAL VAREJO";""
"2323";"DML - 607 - SUBGERENTE";"VP VAREJO";"OPERACOES LOJAS";""
"2156";"EQUIPES REDES SP 2";"VP COMERCIAL";"VENDAS";""
"3342";"ROS - 466 - GER FARMACEUTICO/LOJA";"VP VAREJO";"OPERACOES LOJAS";""
"43";"BP DISTRIBUICAO AREAS NEGOCIOS - PROFISSA";"PRESIDENCIA";"CULTURA E GESTAO DE GENTE";""
"3614";"EQUIPE LOGISTICA (ORCAMENTO)";"PRESIDENCIA";"LOGISTICA";""
"1866";"PB SUP ADM FARMACEUTICO";"PRESIDENCIA";"LOGISTICA";""
"2036";"SUP SPI 5";"VP COMERCIAL";"VENDAS";""
"1913";"ES EQUIPE M&A QUALIDADE";"PRESIDENCIA";"LOGISTICA";""
"3173";"ROS - 331 - EQUIPE LOJA";"VP VAREJO";"OPERACOES VAREJO";""
"1375";"PLANEJAMENTO CD";"VP COMERCIAL";"PLANEJAMENTO DE VENDAS";""
"2340";"DML - 95 - EQUIPE LOJA";"VP VAREJO";"OPERACOES LOJAS";""
"2581";"ROS - 343 - EQUIPE LOJA";"VP VAREJO";"OPERACOES LOJAS";""
"2758";"ROS - 330 - GER FARMACEUTICO/LOJA";"VP VAREJO";"OPERACOES LOJAS";""
"59";"EQUIPE SISTEMAS GRUPO 2";"PRESIDENCIA";"TECNOLOGIA INFORMACAO";""
"3194";"COORD E-COMMERCE VAREJO";"VP VAREJO";"OPERACOES VAREJO";""
"1428";"EQUIPE INFRAESTRUTURA TI SEDE";"PRESIDENCIA";"TECNOLOGIA INFORMACAO";""
"2249";"DML - 91 - GER FARMACEUTICO/LOJA";"VP VAREJO";"OPERACOES LOJAS";""
"3490";"GER REDES SP";"VP COMERCIAL";"VENDAS";""
"2024";"SUP SERVICOS A CLIENTES CD";"VP COMERCIAL";"MARKETING";""
"1973";"EQUIPES PE 1";"VP COMERCIAL";"VENDAS";""
"3798";"ROS - 385 - EQUIPE LOJA";"VP VAREJO";"OPERACOES LOJAS";""
"3686";"RJ SUPERINTENDENCIA OPERACOES";"PRESIDENCIA ";"LOGISTICA";""
"2871";"TMO - 102 - GER FARMACEUTICO/LOJA";"VP VAREJO";"OPERACOES LOJAS";""
"2889";"TMO - 195 - GER FARMACEUTICO/LOJA";"VP VAREJO";"OPERACOES LOJAS";""
"2686";"ROS - 445 - GER FARMACEUTICO/LOJA";"VP VAREJO";"OPERACOES VAREJO";""
"2174";"SUPERVISAO HBN ES";"VP COMERCIAL";"PLANEJAMENTO DE VENDAS";""
"1566";"RJ EQUIPE RECEBIMENTO - T3";"PRESIDENCIA";"LOGISTICA";""
"3291";"EQUIPE INTEL. MERCADO 2";"VP COMERCIAL";"PLANEJAMENTO VENDAS";""
"2016";"PR EQUIPE D&E TRANSPORTE";"PRESIDENCIA";"LOGISTICA";""
"2311";"DML - 27 - SUBGERENTE";"VP VAREJO";"OPERACOES VAREJO";""
"1641";"GER BA/SE";"VP COMERCIAL";"VENDAS";""
"3345";"ROS - 415 - GER FARMACEUTICO/LOJA";"VP VAREJO";"OPERACOES LOJAS";""
"27";"COORD SOCIETARIO E CONTRATOS";"VP ESTRATEGIA E FINANCAS";"JURIDICO";""
"1504";"EQUIPE LOGISTICA ESTOQUE";"PRESIDENCIA";"LOGISTICA";""
"3152";"ROS - 376 - SUBGERENTE/LIDER";"VP VAREJO";"OPERACOES VAREJO";""
"136";"COORD BP OPERACOES CDs (RJ, ES, DF, GO, RS, PR e TO)";"PRESIDENCIA";"CULTURA E GESTAO DE GENTE";""
"2527";"ROS - 318 - GER FARMACEUTICO/LOJA";"VP VAREJO";"OPERACOES LOJAS";""
"2006";"EQUIPE HOSPITALAR SP";"VP COMERCIAL";"VENDAS";""
"87";"GER AUDITORIA";"VP ESTRATEGIA E FINANCAS";"AUDITORIA E COMPLIANCE";""
"2630";"ROS - 354 - SUBGERENTE/LIDER";"VP VAREJO";"OPERACOES LOJAS";""
"3288";"GER CUSTOS LOGISTICA";"PRESIDENCIA";"LOGISTICA";""
"3701";"DF ENCARREGADO BLOQ";"PRESIDENCIA";"FINANCEIRO DISTRIBUICAO";""
"22";"COORD INFRAESTRUTURA DISTRIBUICAO";"PRESIDENCIA";"TECNOLOGIA INFORMACAO";""
"2756";"ROS - 437 - EQUIPE LOJA";"VP VAREJO";"OPERACOES LOJAS";""
"3700";"GER REGIONAL OPERACOES ES";"PRESIDENCIA ";"LOGISTICA";""
"2981";"TMO - 107 - EQUIPE LOJA";"VP VAREJO";"OPERACOES LOJAS";""
"3650";"PB EQUIPE PRODUCAO/ABASTECIMENTO/EXPEDICAO - T2";"PRESIDENCIA";"LOGISTICA";""
"1808";"MG EQUIPE BLOQ";"PRESIDENCIA";"LOGISTICA";""
"523";"SPI SUP D&E";"PRESIDENCIA";"LOGISTICA";""
"1826";"PE EQUIPE GR";"PRESIDENCIA";"LOGISTICA";""
"2380";"DML - 13 - EQUIPE LOJA";"VP VAREJO";"OPERACOES LOJAS";""
"1790";"MG GER OPERACOES";"PRESIDENCIA";"LOGISTICA";""
"2640";"ROS - 463 - SUBGERENTE/LIDER";"VP VAREJO";"OPERACOES VAREJO";""
"1634";"GER RJ/ES";"VP COMERCIAL";"VENDAS";""
"2123";"EQUIPE RS";"VP COMERCIAL";"VENDAS";""
"3046";"TMO - 166 - EQUIPE LOJA";"VP VAREJO";"OPERACOES LOJAS";""
"2081";"GER GOVERNANCA";"VP COMERCIAL";"DISTRIBUICAO";""
"2335";"DML - 63 - EQUIPE LOJA";"VP VAREJO";"OPERACOES LOJAS";""
"2241";"PROJETO LG";"PRESIDENCIA";"CULTURA E GESTAO DE GENTE";""
"2407";"DML - 66 - GER FARMACEUTICO/LOJA";"VP VAREJO";"OPERACOES LOJAS";""
"2879";"TMO - 136 - GER FARMACEUTICO/LOJA";"VP VAREJO";"OPERACOES LOJAS";""
"1852";"RN ENCARREGADO M&A - T1";"PRESIDENCIA";"LOGISTICA";""
"2929";"TMO - 195 - EQUIPE LOJA";"VP VAREJO";"OPERACOES LOJAS";""
"3656";"EQUIPE PROCESSOS";"PRESIDENCIA";"ADMINISTRATIVO FINANCEIRA";""
"15";"GER INFRAESTRUTURA E SEGURANCA";"PRESIDENCIA";"TECNOLOGIA INFORMACAO";""
"1687";"GER NEGOCIACAO DE VENDAS";"VP COMERCIAL";"PLANEJAMENTO DE VENDAS";""
"1915";"ES EQUIPE FATURAMENTO";"PRESIDENCIA";"LOGISTICA";""
"2030";"SUP BA 5";"VP COMERCIAL";"VENDAS";""
"2619";"ROS - 304 - SUBGERENTE/LIDER";"VP VAREJO";"OPERACOES LOJAS";""
"3629";"DF ENCARREGADO PICKING/LOOP 1 E 2 - T3";"PRESIDENCIA";"LOGISTICA";""
"2356";"DML - 49 - GER FARMACEUTICO/LOJA";"VP VAREJO";"OPERACOES LOJAS";""
"3308";"EQUIPE RPA";"PRESIDENCIA";"TECNOLOGIA INFORMACAO";""
"2627";"ROS - 349 - SUBGERENTE/LIDER";"VP VAREJO";"OPERACOES LOJAS";""
"271";"SUP RS - J&J";"VP COMERCIAL";"VENDAS";""
"3486";"ENCARREGADO RJ 4";"VP VAREJO";"OPERACOES LOJAS";""
"3631";"ROS - 396 - GER FARMACEUTICO/LOJA";"VP VAREJO";"OPERACOES LOJAS";""
"2593";"ROS - 447 - EQUIPE LOJA";"VP VAREJO";"OPERACOES LOJAS";""
"2753";"ROS - 403 - EQUIPE LOJA";"VP VAREJO";"OPERACOES LOJAS";""
"2767";"ROS - 360 - GER FARMACEUTICO/LOJA";"VP VAREJO";"OPERACOES LOJAS";""
"2282";"DML - 80 - EQUIPE LOJA";"VP VAREJO";"OPERACOES LOJAS";""
"3436";"EQUIPE CIENCIA DADOS";"PRESIDENCIA";"SUPPLY CHAIN VAREJO";""
"1815";"MG EQUIPE FOB";"PRESIDENCIA";"LOGISTICA";""
"1530";"RJ EQUIPE CONFERENCIA - T1";"PRESIDENCIA";"LOGISTICA";""
"1622";"SPI EQUIPE MANUTENCAO PREDIAL";"PRESIDENCIA";"FINANCEIRO DISTRIBUICAO";""
"3570";"VP SPECIALTY";"VP SPECIALTY";"VP SPECIALTY";""
"1615";"SPI EQUIPE BLOQ";"PRESIDENCIA";"LOGISTICA";""
"1488";"RJ ENCARREGADO GR 2";"PRESIDENCIA";"FINANCEIRO DISTRIBUICAO";""
"1769";"PR EQUIPE FACILITIES";"PRESIDENCIA";"FINANCEIRO DISTRIBUICAO";""
"1604";"SPI EQUIPE PRODUCAO/CONFERENCIA - T1";"PRESIDENCIA";"LOGISTICA";""
"1653";"SUP RS 1";"VP COMERCIAL";"VENDAS";""
"2955";"TMO - 105 - SUBGERENTE/LIDER";"VP VAREJO";"OPERACOES VAREJO";""
"2048";"DIVISIONAL NORDESTE - EQUIPE";"VP COMERCIAL";"VENDAS";""
"3672";"DML - 643 - SUBGERENTE";"VP VAREJO";"OPERACOES LOJAS";""
"3481";"ENCARREGADO DF 2";"VP VAREJO";"OPERACOES LOJAS";""
"224";"GER SUPPLY CHAIN GRANDES CONTAS";"PRESIDENCIA";"SUPPLY CHAIN";""
"3100";"TMO - 183 - EQUIPE LOJA";"VP VAREJO";"OPERACOES LOJAS";""
"2776";"ROS - 330 - SUBGERENTE/LIDER";"VP VAREJO";"OPERACOES LOJAS";""
"3480";"BUFFER - ROS";"VP VAREJO";"OPERACOES VAREJO";""
"261";"SUP DF - ESTRATEGICO";"VP COMERCIAL";"VENDAS";""
"2609";"ROS - 356 - GER FARMACEUTICO/LOJA";"VP VAREJO";"OPERACOES LOJAS";""
"1962";"EQUIPES CONTAS SPC";"VP COMERCIAL";"VENDAS";""
"1712";"DF COORD OPERACOES";"PRESIDENCIA";"LOGISTICA";""
"1916";"ES EQUIPE GPP";"PRESIDENCIA";"FINANCEIRO DISTRIBUICAO";""
"2077";"GER PLANEJAMENTO CD";"VP COMERCIAL";"PLANEJAMENTO VENDAS";""
"2315";"DML - 56 - SUBGERENTE";"VP VAREJO";"OPERACOES LOJAS";""
"73";"FINANCEIRA DISTRIBUICAO SUPRIMENTOS 2";"VP FINANCAS";"FINANCEIRO GRUPO";""
"3620";"TMO - 135 - SUBGERENTE/LIDER";"VP VAREJO";"OPERACOES LOJAS";""
"1762";"RS ENCARREGADO D&E - T3";"PRESIDENCIA";"LOGISTICA";""
"1655";"SUP REDES SUL 1";"VP COMERCIAL";"VENDAS";""
"1509";"RJ ENCARREGADO AUTOMACAO";"PRESIDENCIA";"LOGISTICA";""
"1933";"ES EQUIPE CRDK - T3";"PRESIDENCIA";"LOGISTICA";""
"3032";"TMO - 179 - SUBGERENTE/LIDER";"VP VAREJO";"OPERACOES LOJAS";""
"2490";"DML - 19 - SUBGERENTE";"VP VAREJO";"OPERACOES LOJAS";""
"2585";"ROS - 357 - EQUIPE LOJA";"VP VAREJO";"OPERACOES LOJAS";""
"2057";"EQUIPE CGG CDs (DF, ES, GO, RS, PR, TO)";"PRESIDENCIA";"CULTURA E GESTAO DE GENTE";""
"2410";"DML - 72 - GER FARMACEUTICO/LOJA";"VP VAREJO";"OPERACOES VAREJO";""
"3217";"COORD SUPERVISAO FARMACEUTICA";"VP VAREJO";"OPERACOES VAREJO";""
"3354";"DML - 620 - SUBGERENTE";"VP VAREJO";"OPERACOES LOJAS";""
"1424";"COORD SISTEMAS DISTRIBUICAO 1";"PRESIDENCIA";"TECNOLOGIA INFORMACAO";""
"2443";"DML - 624 - SUBGERENTE";"VP VAREJO";"OPERACOES LOJAS";""
"3668";"DML - 633 - GER FARMACEUTICO/LOJA";"VP VAREJO";"OPERACOES LOJAS";""
"2018";"RJ EQUIPE D&E TRANSPORTE";"PRESIDENCIA";"LOGISTICA";""
"2298";"DML - 64 - GER FARMACEUTICO/LOJA";"VP VAREJO";"OPERACOES LOJAS";""
"2061";"GER PM";"PRESIDENCIA";"TECNOLOGIA INFORMACAO";""
"3546";"DML - 636 - SUBGERENTE";"VP VAREJO";"OPERACOES LOJAS";""
"1612";"SPI EQUIPE PRODUCAO - T3";"PRESIDENCIA";"LOGISTICA";""
"1784";"PR ENCARREGADO D&E - T1";"PRESIDENCIA";"LOGISTICA";""
"2138";"SUP REDES SPC";"VP COMERCIAL";"VENDAS";""
"2464";"DML - 608 - EQUIPE LOJA";"VP VAREJO";"OPERACOES LOJAS";""
"2807";"ROS - 377 - EQUIPE LOJA";"VP VAREJO";"OPERACOES LOJAS";""
"2339";"DML - 81 - EQUIPE LOJA";"VP VAREJO";"OPERACOES LOJAS";""
"3195";"COORD GROWTH VAREJO";"VP VAREJO";"OPERACOES VAREJO";""
"3777";"ENCARREGADO HÍBRIDO";" VP COMERCIAL";"VENDAS";""
"2037";"SUP SPI 6";"VP COMERCIAL";"VENDAS";""
"2575";"ROS - 315 - EQUIPE LOJA";"VP VAREJO";"OPERACOES LOJAS";""
"3092";"TMO - 140 - EQUIPE LOJA";"VP VAREJO";"OPERACOES LOJAS";""
"2972";"TMO - 171 - SUBGERENTE/LIDER";"VP VAREJO";"OPERACOES LOJAS";""
"3791";"ES BOMBEIRO CIVIL";"PRESIDENCIA";"FINANCEIRO DISTRIBUICAO";""
"1592";"SPC SUP CRDK/FOB";"PRESIDENCIA";"LOGISTICA";""
"1742";"RS SUP OPERACOES";"PRESIDENCIA";"LOGISTICA";""
"2146";"SUP CONTAS ALIMENTAR";"VP COMERCIAL";"VENDAS";""
"3455";"EQUIPE PREVENCAO DE PERDAS - GESTAO RISCO";"PRESIDENCIA";"FINANCEIRO VAREJO";""
"3120";"DML - 2 - GER FARMACEUTICO/LOJA";"VP VAREJO";"OPERACOES LOJAS";""
"3541";"MT ENCARREGADO M&A PRODUCAO - T2";"PRESIDENCIA";"LOGISTICA";""
"2291";"DML - 22 - GER FARMACEUTICO/LOJA";"VP VAREJO";"OPERACOES LOJAS";""
"1658";"SUP RJ 3";"VP COMERCIAL";"VENDAS";""
"2924";"TMO - 147 - EQUIPE LOJA";"VP VAREJO";"OPERACOES LOJAS";""
"2539";"ROS - 381 - GER FARMACEUTICO/LOJA";"VP VAREJO";"OPERACOES LOJAS";""
"1936";"EQUIPES PR 1";"VP COMERCIAL";"VENDAS";""
"2432";"DML - 66 - SUBGERENTE";"VP VAREJO";"OPERACOES LOJAS";""
"1865";"PB EQUIPE D&E";"PRESIDENCIA";"LOGISTICA";""
"2648";"ROS - 342 - EQUIPE LOJA";"VP VAREJO";"OPERACOES LOJAS";""
"3102";"GER REGIONAL DML/FML 5";"VP VAREJO";"OPERACOES LOJAS";""
"1391";"COMUNICACAO INSTITUCIONAL";"VP VAREJO";"MARKETING VAREJO";""
"3437";"EQUIPE INTELIGENCIA MERCADO";"PRESIDENCIA";"SUPPLY CHAIN VAREJO";""
"1889";"BA EQUIPE FACILITIES";"PRESIDENCIA";"FINANCEIRO DISTRIBUICAO";""
"2683";"ROS - 410 - GER FARMACEUTICO/LOJA";"VP VAREJO";"OPERACOES LOJAS";""
"147";"DIRETORIA MARKETING VAREJO";"VP VAREJO";"MARKETING VAREJO";""
"2089";"SPC ENCARREGADO CRDK/FOB - T3";"PRESIDENCIA";"LOGISTICA";""
"1656";"SUP RJ 1";"VP COMERCIAL";"VENDAS";""
"999999997";"Filial Curitiba";"1";"1";""
"2373";"DML - 57 - SUBGERENTE";"VP VAREJO";"OPERACOES LOJAS";""
"1805";"MG SUP D&E";"PRESIDENCIA";"LOGISTICA";""
"2959";"TMO - 112 - SUBGERENTE/LIDER";"VP VAREJO";"OPERACOES LOJAS";""
"2436";"DML - 72 - SUBGERENTE";"VP VAREJO";"OPERACOES LOJAS";""
"2031";"EQUIPES BA";"VP COMERCIAL";"VENDAS";""
"1797";"MG ENCARREGADO ABASTECIMENTO - T1";"PRESIDENCIA";"LOGISTICA";""
"55";"GER TRIBUTARIA";"VP ESTRATEGIA E FINANCAS";"TRIBUTARIA E FISCAL";""
"2669";"ROS - 321 - GER FARMACEUTICO/LOJA";"VP VAREJO";"OPERACOES LOJAS";""
"3741";"TMO - 221 - EQUIPE/LOJA";"VP VAREJO";"OPERACOES LOJAS";""
"1741";"DF EQUIPE CUSTOS";"PRESIDENCIA";"LOGISTICA";""
"3731";"ROS - 390 - SUBGERENTE";"VP VAREJO";"OPERACOES LOJAS";""
"1352";"ESPECIALISTA AUTOMACAO";"PRESIDENCIA";"LOGISTICA";""
"3361";"ROS - 310 - SUBGERENTE/LIDER";"VP VAREJO";"OPERACOES VAREJO";""
"2334";"DML - 56 - EQUIPE LOJA";"VP VAREJO";"OPERACOES LOJAS";""
"1646";"SUP SC 1";"VP COMERCIAL";"VENDAS";""
"1586";"SPC EQUIPE FATURAMENTO";"PRESIDENCIA";"LOGISTICA";""
"217";"DIRETORIA SUPPLY CHAIN";"PRESIDENCIA";"SUPPLY CHAIN";""
"3670";"DML - 633 - EQUIPE LOJA";"VP VAREJO";"OPERACOES LOJAS";""
"3547";"DML - 636 - EQUIPE LOJA";"VP VAREJO";"OPERACOES LOJAS";""
"2694";"ROS - 322 - SUBGERENTE/LIDER";"VP VAREJO";"OPERACOES LOJAS";""
"1603";"SPI ENCARREGADO PRODUCAO/CONFERENCIA - T1";"PRESIDENCIA";"LOGISTICA";""
"2405";"DML - 58 - GER FARMACEUTICO/LOJA";"VP VAREJO";"OPERACOES LOJAS";""
"3145";"DML - 3 - SUBGERENTE";"VP VAREJO";"OPERACOES LOJAS";""
"3768";"COORD PLANEJMANETO VP CORPORATIVA";"PRESIDENCIA";"ADMINISTRATIVO FINANCEIRA";""
"2352";"DML - 32 - GER FARMACEUTICO/LOJA";"VP VAREJO";"OPERACOES LOJAS";""
"3776";"RJ SUP M&A SPECIALTY";"PRESIDENCIA";"DIRETORIA EXECUTIVA LOGISTICA";""
"58";"EQUIPE SISTEMAS GRUPO 1";"PRESIDENCIA";"TECNOLOGIA INFORMACAO";""
"116";"SUPERINTENDENCIA BP DISTRIBUICAO";"PRESIDENCIA";"CULTURA E GESTAO DE GENTE";""
"2279";"DML - 602 - SUBGERENTE";"VP VAREJO";"OPERACOES LOJAS";""
"3424";"GER PROJETOS 2";"PRESIDENCIA";"PRESIDENCIA";""
"3743";"ROS - 474 - GER FARMACEUTICO/LOJA";"VP VAREJO";"OPERACOES LOJAS";""
"2896";"TMO - 124 - SUBGERENTE/LIDER";"VP VAREJO";"OPERACOES LOJAS";""
"2299";"DML - 77 - GER FARMACEUTICO/LOJA";"VP VAREJO";"OPERACOES LOJAS";""
"3758";"ROS - 467 - GER FARMACEUTICA/LOJA";"VP VAREJO";"OPERACOES LOJAS";""
"2996";"TMO - 182 - EQUIPE LOJA";"VP VAREJO";"OPERACOES LOJAS";""
"2342";"DML - 607 - EQUIPE LOJA";"VP VAREJO";"OPERACOES LOJAS";""
"2927";"TMO - 172 - EQUIPE LOJA";"VP VAREJO";"OPERACOES LOJAS";""
"3147";"DML - 628 - SUBGERENTE";"VP VAREJO";"OPERACOES VAREJO";""
"3356";"DML - 627 - SUBGERENTE";"VP VAREJO";"OPERACOES LOJAS";""
"3478";"BUFFER - DML";"VP VAREJO";"OPERACOES LOJAS";""
"2513";"DML - 62 - EQUIPE LOJA";"VP VAREJO";"OPERACOES LOJAS";""
"1487";"RJ EQUIPE GR 1";"PRESIDENCIA";"FINANCEIRO DISTRIBUICAO";""
"2303";"DML - 604 - GER FARMACEUTICO/LOJA";"VP VAREJO";"OPERACOES LOJAS";""
"2086";"GER DIVISIONAL MG";"VP COMERCIAL";"VENDAS";""
"1491";"EQUIPE GPP SEDE";"PRESIDENCIA";"FINANCEIRO DISTRIBUICAO";""
"3088";"TMO - 129 - EQUIPE LOJA";"VP VAREJO";"OPERACOES LOJAS";""
"3735";"TMO - 233 - EQUIPE/LOJA";"VP VAREJO";"OPERACOES LOJAS";""
"3558";"DML - 637 - EQUIPE LOJA";"VP VAREJO";"OPERACOES LOJAS";""
"2273";"DML - 74 - SUBGERENTE";"VP VAREJO";"OPERACOES LOJAS";""
"2367";"DML - 31 - SUBGERENTE";"VP VAREJO";"OPERACOES LOJAS";""
"1998";"SUP MS";"VP COMERCIAL";"VENDAS";""
"3433";"EQUIPE SUPPLY CHAIN VAREJO 2";"PRESIDENCIA";"SUPPLY CHAIN";""
"2066";"RTM - REDES E CONTAS - EQUIPE";"VP COMERCIAL";"PLANEJAMENTO VENDAS";""
"2519";"DML - 622 - EQUIPE LOJA";"VP VAREJO";"OPERACOES VAREJO";""
"3615";"QUADRO VARIAVEL CDS";"PRESIDENCIA";"LOGISTICA";""
"3082";"TMO - 180 - SUBGERENTE/LIDER";"VP VAREJO";"OPERACOES LOJAS";""
"406";"RJ SUP EXPEDICAO/RECEBIMENTO";"PRESIDENCIA";"LOGISTICA";""
"3707";"EQUIPE LOGISTICA/OPERACOES";"VP SPECIALTY";"VP SPECIALTY";""
"245";"PAs COMERCIAL GENERICOS";"VP COMERCIAL";"COMERCIAL";""
"3606";"DML - 634 - EQUIPE LOJA";"VP VAREJO";"OPERACOES LOJAS";""
"1774";"PR ENCARREGADO RECEBIMENTO/ARMAZENAGEM - T1";"PRESIDENCIA";"LOGISTICA";""
"3753";"TMO - 234 -SUBGERENTE/LIDER";"VP VAREJO";"OPERACOES LOJAS";""
"220";"DIRETORIA VENDAS";"VP COMERCIAL";"DISTRIBUICAO";""
"3012";"TMO - 170 - GER FARMACEUTICO/LOJA";"VP VAREJO";"OPERACOES LOJAS";""
"2163";"SPC ENCARREGADO ARMAZENAGEM - T1";"PRESIDENCIA";"LOGISTICA";""
"3625";"DML - 639 - GER FARMACEUTICO/LOJA";"VP VAREJO";"OPERACOES LOJAS";""
"3801";"COORD FINANCEIRA CONTAS A PAGAR";"PRESIDENCIA";"ADMINISTRATIVO FINANCEIRA";""
"3676";"ESPECIALISTA PROJETOS 1";"PRESIDENCIA";"LOGISTICA";""
"175";"GENERICO";"VP COMERCIAL";"COMERCIAL";""
"1485";"COORD GR";"PRESIDENCIA";"FINANCEIRO DISTRIBUICAO";""
"3721";"BA ENCARREGADO SEPARACAO - T3";"PRESIDENCIA";"LOGISTICA";""
"3304";"SPC EQUIPE CGG";"PRESIDENCIA";"CULTURA E GESTAO DE GENTE";""
"3370";"ROS - 376 - SUBGERENTE/LIDER";"VP VAREJO";"OPERACOES LOJAS";""
"1890";"BA EQUIPE BLOQ";"PRESIDENCIA";"LOGISTICA";""
"1736";"DF EQUIPE DEVOLUCAO";"PRESIDENCIA";"LOGISTICA";""
"2394";"DML - 9 - GER FARMACEUTICO/LOJA";"VP VAREJO";"OPERACOES LOJAS";""
"1807";"MG EQUIPE FACILITIES";"PRESIDENCIA";"FINANCEIRO DISTRIBUICAO";""
"95";"EQUIPE COORD TRIBUTARIA 2";"VP ESTRATEGIA E FINANCAS";"TRIBUTARIA E FISCAL";""
"3683";"RS GER OPERACOES";"PRESIDENCIA ";"LOGISTICA";""
"2151";"EQUIPE REDES RJ";"VP COMERCIAL";"VENDAS";""
"2304";"DML - 607 - GER FARMACEUTICO/LOJA";"VP VAREJO";"OPERACOES LOJAS";""
"2587";"ROS - 370 - EQUIPE LOJA";"VP VAREJO";"OPERACOES VAREJO";""
"3343";"ROS - 407 - GER FARMACEUTICO/LOJA";"VP VAREJO";"OPERACOES LOJAS";""
"3479";"BUFFER - TMO";"VP VAREJO";"OPERACOES LOJAS";""
"3318";"ES EQUIPE CUSTOS";"PRESIDENCIA";"LOGISTICA";""
"2238";"GER PREVENCAO PERDAS INVENTARIO";"PRESIDENCIA";"FINANCEIRO DISTRIBUICAO";""
"188";"GER REGIONAL DML/FML 1";"VP VAREJO";"OPERACOES LOJAS";""
"3398";"ROS - 470 - EQUIPE LOJA";"VP VAREJO";"OPERACOES LOJAS";""
"107";"SUP FACILITES";"PRESIDENCIA";"ADMINISTRATIVO FINANCEIRA";""
"231";"GER COMERCIAL NAO MEDICAMENTOS";"VP COMERCIAL";"COMERCIAL";""
"3384";"DML - 613 - EQUIPE LOJA";"VP VAREJO";"OPERACOES LOJAS";""
"2307";"DML - 616 - GER FARMACEUTICO/LOJA";"VP VAREJO";"OPERACOES LOJAS";""
"2517";"DML - 619 - EQUIPE LOJA";"VP VAREJO";"OPERACOES LOJAS";""
"2831";"TMO - 101 - SUBGERENTE/LIDER";"VP VAREJO";"OPERACOES LOJAS";""
"3548";"ROS - 395 - GER FARMACEUTICO/LOJA";"VP VAREJO";"OPERACOES LOJAS";""
"197";"GER REGIONAL TMO 2";"VP VAREJO";"OPERACOES LOJAS";""
"3108";"EQUIPE CALL CENTER RJ 1";"VP VAREJO";"OPERACOES LOJAS";""
"2808";"ROS - 384 - EQUIPE LOJA";"VP VAREJO";"OPERACOES LOJAS";""
"2176";"EQUIPE HB ES";"VP COMERCIAL";"PLANEJAMENTO DE VENDAS";""
"2152";"EQUIPE REDES GO";"VP COMERCIAL";"VENDAS";""
"411";"SPC SUP M&A - T3";"PRESIDENCIA";"LOGISTICA";""
"3539";"MT ENCARREGADO M&A PRODUCAO 2 - T1";"PRESIDENCIA";"LOGISTICA";""
"2797";"ROS - 338 - EQUIPE LOJA";"VP VAREJO";"OPERACOES LOJAS";""
"1537";"RJ ENCARREGADO PICKING MEZANINO - T2";"PRESIDENCIA";"LOGISTICA";""
"153";"GER PROJETOS VAREJO";"VP VAREJO";"OPERACOES VAREJO";""
"2242";"EQUIPES REDES SPC";"VP COMERCIAL";"VENDAS";""
"2276";"DML - 85 - SUBGERENTE";"VP VAREJO";"OPERACOES LOJAS";""
"2229";"RJ EQUIPE M&A QUALIDADE - T1";"PRESIDENCIA";"LOGISTICA";""
"3533";"ROS - 471 - SUBGERENTE/LIDER";"VP VAREJO";"OPERACOES LOJAS";""
"2397";"DML - 14 - GER FARMACEUTICO/LOJA";"VP VAREJO";"OPERACOES VAREJO";""
"1867";"PB EQUIPE FACILITIES";"PRESIDENCIA";"FINANCEIRO DISTRIBUICAO";""
"3303";"SPC SUP CGG";"PRESIDENCIA";"CULTURA E GESTAO DE GENTE";""
"3799";"COORD AUDITORIA";"VP ESTRATEGIA E FINANCAS";"AUDITORIA E COMPLIANCE";""
"2050";"SUP MT 1";"VP COMERCIAL";"VENDAS";""
"3781";"SUPERINTENDENCIA COMPRAS SPECIALTY";"VP SPECIALTY";"VP SPECIALTY";""
"3465";"MT EQUIPE M&A RECEBIMENTO - T1";"PRESIDENCIA";"LOGISTICA";""
"2973";"TMO - 182 - SUBGERENTE/LIDER";"VP VAREJO";"OPERACOES LOJAS";""
"1823";"PE EQUIPE CUSTOS";"PRESIDENCIA";"LOGISTICA";""
"1519";"RJ SUP - TURNO 1";"PRESIDENCIA";"LOGISTICA";""
"3202";"EQUIPE SUPRIMENTOS VAREJO";"PRESIDENCIA";"FINANCEIRO VAREJO";""
"3118";"DML - 1 - GER FARMACEUTICO/LOJA";"VP VAREJO";"OPERACOES LOJAS";""
"2851";"TMO - 101 - EQUIPE LOJA";"VP VAREJO";"OPERACOES LOJAS";""
"3549";"ROS - 395 - SUBGERENTE/LIDER";"VP VAREJO";"OPERACOES LOJAS";""
"1977";"EQUIPES RN";"VP COMERCIAL";"VENDAS";""
"1562";"RJ EQUIPE RECEBIMENTO - T1";"PRESIDENCIA";"LOGISTICA";""
"2116";"SUP CONTAS SPC";"VP COMERCIAL";"VENDAS";""
"3153";"ROS - 337 - SUBGERENTE/LIDER";"VP VAREJO";"OPERACOES VAREJO";""
"2603";"ROS - 346 - GER FARMACEUTICO/LOJA";"VP VAREJO";"OPERACOES VAREJO";""
"2109";"MT EQUIPE FACILITIES";"PRESIDENCIA";"FINANCEIRO DISTRIBUICAO";""
"2803";"ROS - 360 - EQUIPE LOJA";"VP VAREJO";"OPERACOES LOJAS";""
"1929";"ES EQUIPE CRDK - T1";"PRESIDENCIA";"LOGISTICA";""
"1677";"SUP BA 4";"VP COMERCIAL";"VENDAS";""
"3669";"DML - 633 - SUBGERENTE";"VP VAREJO";"OPERACOES LOJAS";""
"1441";"EQUIPE DESENVOLVIMENTO ORGANIZACIONAL";"PRESIDENCIA";"CULTURA E GESTAO DE GENTE";""
"3687";"BA GER OPERACOES";"PRESIDENCIA ";"LOGISTICA";""
"3505";"EQUIPE CALL CENTER RJ 3";"VP VAREJO";"OPERACOES VAREJO";""
"3680";"SPC EQUIPE CONTROLADO - T2";"PRESIDENCIA";"LOGISTICA";""
"2136";"MT SUP OPERACOES";"PRESIDENCIA";"LOGISTICA";""
"1695";"GO EQUIPE FACILITIES";"PRESIDENCIA";"FINANCEIRO DISTRIBUICAO";""
"1752";"RS ENCARREGADO PICKING/CONFERENCIA - T1";"PRESIDENCIA";"LOGISTICA";""
"3434";"COORD MARKETING VAREJO 2";"VP VAREJO";"MARKETING VAREJO";""
"2447";"DML - 14 - EQUIPE LOJA";"VP VAREJO";"OPERACOES VAREJO";""
"1795";"MG ENCARREGADO PRODUCAO - T1";"PRESIDENCIA";"LOGISTICA";""
"1732";"DF EQUIPE D&E - T3";"PRESIDENCIA";"LOGISTICA";""
"1468";"COORD RECEBIVEIS";"PRESIDENCIA";"FINANCEIRO DISTRIBUICAO";""
"3114";"DML - 26 - GER FARMACEUTICO/LOJA";"VP VAREJO";"OPERACOES LOJAS";""
"1549";"RJ ENCARREGADO ABASTECIMENTO - T2";"PRESIDENCIA";"LOGISTICA";""
"1995";"EQUIPE GOVERNANCA";"VP COMERCIAL";"COMERCIAL";""
"2280";"DML - 612 - SUBGERENTE";"VP VAREJO";"OPERACOES LOJAS";""
"2628";"ROS - 352 - SUBGERENTE/LIDER";"VP VAREJO";"OPERACOES VAREJO";""
"2755";"ROS - 417 - EQUIPE LOJA";"VP VAREJO";"OPERACOES LOJAS";""
"3023";"TMO - 150 - SUBGERENTE/LIDER";"VP VAREJO";"OPERACOES LOJAS";""
"1512";"NACIONAL OPERACOES";"PRESIDENCIA";"LOGISTICA";""
"3039";"TMO - 133 - EQUIPE LOJA";"VP VAREJO";"OPERACOES LOJAS";""
"1763";"RS EQUIPE D&E - T3";"PRESIDENCIA";"LOGISTICA";""
"3128";"ROS - 464 - GER FARMACEUTICO/LOJA";"VP VAREJO";"OPERACOES VAREJO";""
"3205";"EQUIPE TRADE VAREJO";"VP VAREJO";"COMERCIAL VAREJO";""
"3154";"ROS - 407 - SUBGERENTE/LIDER";"VP VAREJO";"OPERACOES VAREJO";""
"62";"JURIDICO SOCIETARIO E CONTRATOS";"VP CORPORATIVA";"JURIDICO";""
"1734";"DF EQUIPE GR";"PRESIDENCIA";"FINANCEIRO DISTRIBUICAO";""
"3622";"DML - 644 - GER FARMACEUTICO/LOJA";"VP VAREJO";"OPERACOES LOJAS";""
"3413";"ROS - 412 - EQUIPE LOJA";"VP VAREJO";"OPERACOES LOJAS";""
"68";"EQUIPE PAGAMENTOS";"PRESIDENCIA";"ADMINISTRATIVO FINANCEIRA";""
"2386";"DML - 42 - EQUIPE LOJA";"VP VAREJO";"OPERACOES LOJAS";""
"327";"COMERCIAL GENERICOS";"VP COMERCIAL";"COMERCIAL";""
"1650";"SUP GO 2";"VP COMERCIAL";"VENDAS";""
"2269";"DML - 89 - GER FARMACEUTICO/LOJA";"VP VAREJO";"OPERACOES LOJAS";""
"196";"GER REGIONAL TMO 1";"VP VAREJO";"OPERACOES LOJAS";""
"2624";"ROS - 341 - SUBGERENTE/LIDER";"VP VAREJO";"OPERACOES LOJAS";""
"3244";"COORD SAC VAREJO";"VP VAREJO";"MARKETING VAREJO";""
"2744";"ROS - 401 - SUBGERENTE/LIDER";"VP VAREJO";"OPERACOES LOJAS";""
"2362";"DML - 6 - SUBGERENTE";"VP VAREJO";"OPERACOES LOJAS";""
"1974";"EQUIPES PE 2";"VP COMERCIAL";"VENDAS";""
"2706";"ROS - 393 - SUBGERENTE/LIDER";"VP VAREJO";"OPERACOES LOJAS";""
"1451";"MARKETING (COMUNICACAO/EVENTOS)";"VP COMERCIAL";"MARKETING";""
"2846";"TMO - 186 - SUBGERENTE/LIDER";"VP VAREJO";"OPERACOES LOJAS";""
"2520";"ROS - 301 - GER FARMACEUTICO/LOJA";"VP VAREJO";"OPERACOES LOJAS";""
"1902";"BA EQUIPE D&E - T3";"PRESIDENCIA";"LOGISTICA";""
"3649";"RJ ENCARREGADO SEPARACAO - T1";"PRESIDENCIA";"LOGISTICA";""
"1857";"SE EQUIPE - T1";"PRESIDENCIA";"LOGISTICA";""
"2083";"HC MT";"PRESIDENCIA";"LOGISTICA";""
"2499";"DML - 611 - SUBGERENTE";"VP VAREJO";"OPERACOES LOJAS";""
"124";"GER BP DISTRIBUICAO AREAS NEGOCIOS";"PRESIDENCIA";"CULTURA E GESTAO DE GENTE";""
"2705";"ROS - 387 - SUBGERENTE/LIDER";"VP VAREJO";"OPERACOES LOJAS";""
"2201";"SPC ENCARREGADO GRANDES CONTAS - T2";"PRESIDENCIA";"LOGISTICA";""
"3779";"SPC EQUIPE D&E SPECIALTY";"VP SPECIALTY";"VP SPECIALTY";""
"152";"GER CANAIS DIGITAIS";"VP VAREJO";"VP VAREJO";""
"2893";"TMO - 111 - SUBGERENTE/LIDER";"VP VAREJO";"OPERACOES LOJAS";""
"3284";"COORD PLANEJAMENTO COMERCIAL";"VP COMERCIAL";"COMERCIAL";""
"1856";"SE ENCARREGADO - T1";"PRESIDENCIA";"LOGISTICA";""
"2653";"ROS - 354 - EQUIPE LOJA";"VP VAREJO";"OPERACOES LOJAS";""
"1759";"RS EQUIPE CONFERENCIA - T3";"PRESIDENCIA";"LOGISTICA";""
"2105";"MT EQUIPE GPP";"PRESIDENCIA";"LOGISTICA";""
"3733";"TMO - 233 - GER FARMACEUTICO/LOJA";"VP VAREJO";"OPERACOES LOJAS";""
"2408";"DML - 67 - GER FARMACEUTICO/LOJA";"VP VAREJO";"OPERACOES LOJAS";""
"2112";"MT EQUIPE GRO";"PRESIDENCIA";"FINANCEIRO DISTRIBUICAO";""
"3662";"ES EQUIPE SPECIALTY";"VP SPECIALTY";"VP SPECIALTY";""
"1624";"SPI EQUIPE D&E - T2";"PRESIDENCIA";"LOGISTICA";""
"3016";"TMO - 189 - GER FARMACEUTICO/LOJA";"VP VAREJO";"OPERACOES LOJAS";""
"1455";"DIRETORIA FINANCEIRO DISTRIBUICAO";"PRESIDENCIA";"FINANCEIRO DISTRIBUICAO";""
"1421";"EQUIPE GESTAO";"PRESIDENCIA";"PRESIDENCIA";""
"3440";"EQUIPE MARKETING VAREJO 2";"VP VAREJO";"MARKETING VAREJO";""
"3317";"ES EQUIPE CRDK 2 - T3";"PRESIDENCIA";"LOGISTICA";""
"222";"GER SUPPLY CHAIN DEMANDA";"PRESIDENCIA";"SUPPLY CHAIN";""
"2287";"DML - 602 - EQUIPE LOJA";"VP VAREJO";"OPERACOES LOJAS";""
"1676";"SUP BA 3";"VP COMERCIAL";"VENDAS";""
"2354";"DML - 42 - GER FARMACEUTICO/LOJA";"VP VAREJO";"OPERACOES LOJAS";""
"2368";"DML - 32 - SUBGERENTE";"VP VAREJO";"OPERACOES LOJAS";""
"1728";"DF SUP D&E";"PRESIDENCIA";"LOGISTICA";""
"1386";"EQUIPE TER";"PRESIDENCIA";"CULTURA E GESTAO DE GENTE";""
"3784";"ROS - 477 - EQUIPE LOJA";"VP VAREJO";"OPERACOES LOJAS";""
"999999995";"Matriz Goiania";"1";"1";""
"2424";"DML - 27 - SUBGERENTE";"VP VAREJO";"OPERACOES LOJAS";""
"3507";"SP EQUIPE FOB";"PRESIDENCIA";"LOGISTICA";""
"3265";"EQUIPE CANAIS";"VP COMERCIAL";"PLANEJAMENTO VENDAS";""
"2237";"EQUIPE BP CORPORATIVA";"PRESIDENCIA";"CULTURA E GESTAO DE GENTE";""
"3789";"GER COMERCIAL HOSPITALAR SPECIALTY";"VP SPECIALTY";"COMERCIAL HOSPITALAR";""
"3383";"DML - 620 - EQUIPE LOJA";"VP VAREJO";"OPERACOES LOJAS";""
"3064";"TMO - 161 - GER FARMACEUTICO/LOJA";"VP VAREJO";"OPERACOES LOJAS";""
"3183";"ADVISION CONSULTING";"PRESIDENCIA";"PRESIDENCIA";""
"1436";"COORD BP OPERACOES CDs (AL, BA, MG, PB, PE, RN, SE, SPI, SPC e MT)";"PRESIDENCIA";"CULTURA E GESTAO DE GENTE";""
"2774";"ROS - 430 - GER FARMACEUTICO/LOJA";"VP VAREJO";"OPERACOES LOJAS";""
"3770";"ROS - 476 - GER FARMACEUTICO/LOJA";"VP VAREJO";"OPERACOES LOJAS";""
"209";"COORD SUPPLY CHAIN VAREJO";"PRESIDENCIA";"SUPPLY CHAIN VAREJO";""
"3642";"ROS - 397 - SUBGERENTE/LIDER";"VP VAREJO";"OPERACOES LOJAS";""
"2033";"EQUIPES SPC 5";"VP COMERCIAL";"VENDAS";""
"1750";"RS EQUIPE CUSTOS";"PRESIDENCIA";"LOGISTICA";""
"2088";"EQUIPE SUP SERVICE DESK";"PRESIDENCIA";"TECNOLOGIA INFORMACAO";""
"82";"COORD PLANEJAMENTO VP CORP";"VP CORPORATIVA";"CENTRO SERVICOS COMPARTILHADOS";""
"3504";"EQUIPE CALL CENTER RJ 2";"VP VAREJO";"OPERACOES VAREJO";""
"2412";"DML - 78 - GER FARMACEUTICO/LOJA";"VP VAREJO";"OPERACOES LOJAS";""
"3336";"ROS - 370 - GER FARMACEUTICO/LOJA";"VP VAREJO";"OPERACOES LOJAS";""
"1661";"SUP MG NORTE 1";"VP COMERCIAL";"VENDAS";""
"3402";"ROS - 410 - EQUIPE LOJA";"VP VAREJO";"OPERACOES VAREJO";""
"203";"EQUIPE MANUTENCAO";"PRESIDENCIA";"ADMINISTRATIVO FINANCEIRA";""
"3659";"DF ENC SPECIALTY";"VP SPECIALTY";"VP SPECIALTY";""
"3460";"MT ENCARREGADO M&A PRODUCAO - T1";"PRESIDENCIA";"LOGISTICA";""
"1348";"GER GOVERNANCA E CONTROLE LOGISTICA";"PRESIDENCIA";"LOGISTICA";""
"2289";"DML - 4 - GER FARMACEUTICO/LOJA";"VP VAREJO";"OPERACOES LOJAS";""
"2070";"PLANEJAMENTO DE VENDAS EQUIPES";"VP COMERCIAL";"PLANEJAMENTO DE VENDAS";""
"2507";"DML - 19 - EQUIPE LOJA";"VP VAREJO";"OPERACOES LOJAS";""
"2406";"DML - 65 - GER FARMACEUTICO/LOJA";"VP VAREJO";"OPERACOES LOJAS";""
"1749";"RS EQUIPE FATURAMENTO";"PRESIDENCIA";"LOGISTICA";""
"2034";"SUP CONTAS NE";"VP COMERCIAL";"VENDAS";""
"3422";"EQUIPE SISTEMAS VAREJO 1";"PRESIDENCIA";"TECNOLOGIA INFORMACAO";""
"3612";"DML - 629 - SUBGERENTE";"VP VAREJO";"OPERACOES LOJAS";""
"3675";"LIDER IA";"PRESIDENCIA";"PRESIDENCIA";""
"1674";"SUP BA 1";"VP COMERCIAL";"VENDAS";""
"2848";"TMO - 192 - SUBGERENTE/LIDER";"VP VAREJO";"OPERACOES LOJAS";""
"3025";"TMO - 153 - SUBGERENTE/LIDER";"VP VAREJO";"OPERACOES LOJAS";""
"225";"EQUIPE SUPPLY CHAIN DEMANDA";"PRESIDENCIA";"SUPPLY CHAIN";""
"3242";"EQUIPES CDs";"VP COMERCIAL";"VENDAS";""
"1926";"ES COORD CRDK/FOB";"PRESIDENCIA";"LOGISTICA";""
"2989";"TMO - 128 - EQUIPE LOJA";"VP VAREJO";"OPERACOES LOJAS";""
"3448";"EQUIPE PROJETOS VAREJO 3";"VP VAREJO";"OPERACOES VAREJO";""
"2592";"ROS - 444 - EQUIPE LOJA";"VP VAREJO";"OPERACOES VAREJO";""
"3703";"ENCARREGADO DF 4";"VP VAREJO";"OPERACOES LOJAS";""
"1639";"GER SPI";"VP COMERCIAL";"VENDAS";""
"3755";"TMO - 235 - GER FARMACEUTICO/LOJA";"VP VAREJO";"OPERACOES LOJAS";""
"448";"RJ EQUIPE EXPEDICAO - T3";"PRESIDENCIA";"LOGISTICA";""
"3602";"DML - 70 - SUBGERENTE";"VP VAREJO";"OPERACOES LOJAS";""
"3540";"MT EQUIPE M&A PRODUCAO 2 - T1";"PRESIDENCIA";"LOGISTICA";""
"1770";"PR EQUIPE BLOQ";"PRESIDENCIA";"LOGISTICA";""
"2936";"TMO - 112 - GER FARMACEUTICO/LOJA";"VP VAREJO";"OPERACOES LOJAS";""
"98";"GER GESTAO RISCO E INVENTÁRIO";"PRESIDENCIA";"FINANCEIRO VAREJO";""
"230";"GER COMERCIAL MEDICAMENTOS";"VP COMERCIAL";"COMERCIAL";""
"2721";"ROS - 335 - EQUIPE LOJA";"VP VAREJO";"OPERACOES LOJAS";""
"3453";"EQUIPE MARKETPLACE VAREJO";"VP VAREJO";"OPERACOES VAREJO";""
"2349";"DML - 24 - GER FARMACEUTICO/LOJA";"VP VAREJO";"OPERACOES LOJAS";""
"3771";"ROS - 476 - SUBGERENTE/LIDER";"VP VAREJO";"OPERACOES LOJAS";""
"66";"GESTAO SERVICOS - CENTRAL ATENDIMENTO";"PRESIDENCIA";"ADMINISTRATIVO FINANCEIRA";""
"1930";"ES ENCARREGADO CRDK - T2";"PRESIDENCIA";"LOGISTICA";""
"1715";"DF EQUIPE PICKING/LOOP 1 E 2 - T1";"PRESIDENCIA";"LOGISTICA";""
"2812";"TMO - 108 - GER FARMACEUTICO/LOJA";"VP VAREJO";"OPERACOES LOJAS";""
"3469";"RJ EQUIPE OPERACAO DE EXCESSO - T1";"PRESIDENCIA";"LOGISTICA";""
"1980";"CONTAS GO";"VP COMERCIAL";"VENDAS";""
"3292";"RJ GER ADMINISTRATIVO";"PRESIDENCIA";"FINANCEIRO DISTRIBUICAO";""
"1842";"AL ENCARREGADO PRODUCAO - T1";"PRESIDENCIA";"LOGISTICA";""
"2203";"SUP REDES SP (SCALE)";"VP COMERCIAL";"VENDAS";""
"361";"RJ GER OPERACOES D&E";"PRESIDENCIA";"LOGISTICA";""
"2857";"TMO - 138 - EQUIPE LOJA";"VP VAREJO";"OPERACOES VAREJO";""
"2842";"TMO - 169 - SUBGERENTE/LIDER";"VP VAREJO";"OPERACOES VAREJO";""
"2784";"ROS - 352 - SUBGERENTE/LIDER";"VP VAREJO";"OPERACOES LOJAS";""
"192";"GER REGIONAL ROS 1";"VP VAREJO";"OPERACOES LOJAS";""
"3218";"EQUIPE SUPERVISAO FARMACEUTICA";"VP VAREJO";"OPERACOES VAREJO";""
"2930";"TMO - 995 - EQUIPE LOJA";"VP VAREJO";"OPERACOES LOJAS";""
"2231";"MG EQUIPE RECEBIMENTO - T2";"PRESIDENCIA";"LOGISTICA";""
"1453";"COORD SUPPLY CHAIN GRANDES CONTAS LOGISTICA";"PRESIDENCIA";"SUPPLY CHAIN";""
"3007";"TMO - 153 - GER FARMACEUTICO/LOJA";"VP VAREJO";"OPERACOES LOJAS";""
"3230";"PR COORD OPERACOES";"PRESIDENCIA";"LOGISTICA";""
"269";"SUP RJ - EMS";"VP COMERCIAL";"VENDAS";""
"3168";"DML - 3 - EQUIPE LOJA";"VP VAREJO";"OPERACOES LOJAS";""
"3259";"GER TI";"PRESIDENCIA";"TECNOLOGIA INFORMACAO";""
"407";"RJ ENCARREGADO EXPEDICAO - T2";"PRESIDENCIA";"LOGISTICA";""
"63";"EQUIPE REGULATORIO FARMACEUTICO";"VP ESTRATEGIA E FINANCAS";"JURIDICO";""
"1931";"ES EQUIPE CRDK - T2";"PRESIDENCIA";"LOGISTICA";""
"1465";"EQUIPE CREDITO";"PRESIDENCIA";"FINANCEIRO DISTRIBUICAO";""
"2909";"TMO - 195 - SUBGERENTE/LIDER";"VP VAREJO";"OPERACOES LOJAS";""
"2794";"ROS - 330 - EQUIPE LOJA";"VP VAREJO";"OPERACOES LOJAS";""
"3428";"EQUIPES SPI 5";"VP COMERCIAL";"VENDAS";""
"3315";"ES EQUIPE RECEBIMENTO - T2";"PRESIDENCIA";"LOGISTICA";""
"1699";"GO EQUIPE BLOQ - T1";"PRESIDENCIA";"LOGISTICA";""
"2722";"ROS - 339 - EQUIPE LOJA";"VP VAREJO";"OPERACOES LOJAS";""
"2370";"DML - 42 - SUBGERENTE";"VP VAREJO";"OPERACOES LOJAS";""
"353";"GER CONTAS PR/GO/SP";"VP COMERCIAL";"VENDAS";""
"3004";"TMO - 139 - GER FARMACEUTICO/LOJA";"VP VAREJO";"OPERACOES LOJAS";""
"2663";"ROS - 463 - EQUIPE LOJA";"VP VAREJO";"OPERACOES VAREJO";""
"3142";"DML - 25 - SUBGERENTE";"VP VAREJO";"OPERACOES LOJAS";""
"3397";"ROS - 465 - EQUIPE LOJA";"VP VAREJO";"OPERACOES LOJAS";""
"1558";"RJ EQUIPE ARMAZENAGEM - T3";"PRESIDENCIA";"LOGISTICA";""
"2438";"DML - 94 - SUBGERENTE";"VP VAREJO";"OPERACOES LOJAS";""
"3185";"GER PBM VAREJO";"PRESIDENCIA";"FINANCEIRO VAREJO";""
"1644";"SUP PR 2";"VP COMERCIAL";"VENDAS";""
"2375";"DML - 69 - SUBGERENTE";"VP VAREJO";"OPERACOES VAREJO";""
"14";"GER PLANEJAMENTO VP CORPORATIVA";"PRESIDENCIA";"ADMINISTRATIVO FINANCEIRA";""
"3569";"RJ EQUIPE EXPEDICAO - T3 (2)";"PRESIDENCIA";"LOGISTICA";""
"44";"GER 1";"PRESIDENCIA";"CULTURA E GESTAO DE GENTE";""
"1398";"GER TRIBUTARIO";"VP ESTRATEGIA E FINANCAS";"JURIDICO";""
"1632";"GER RS";"VP COMERCIAL";"VENDAS";""
"2440";"DML - 618 - SUBGERENTE";"VP VAREJO";"OPERACOES LOJAS";""
"2330";"DML - 27 - EQUIPE LOJA";"VP VAREJO";"OPERACOES VAREJO";""
"2998";"TMO - 185 - EQUIPE LOJA";"VP VAREJO";"OPERACOES LOJAS";""
"2261";"DML - 91 - EQUIPE LOJA";"VP VAREJO";"OPERACOES LOJAS";""
"1801";"MG ENCARREGADO SEPARACAO - T3";"PRESIDENCIA";"LOGISTICA";""
"2635";"ROS - 371 - SUBGERENTE/LIDER";"VP VAREJO";"OPERACOES LOJAS";""
"2867";"TMO - 191 - EQUIPE LOJA";"VP VAREJO";"OPERACOES VAREJO";""
"3601";"DML - 70 - GER FARMACEUTICO/LOJA";"VP VAREJO";"OPERACOES LOJAS";""
"1416";"EQUIPE RISCOS";"VP ESTRATEGIA E FINANCAS";"AUDITORIA E COMPLIANCE";""
"2881";"TMO - 143 - GER FARMACEUTICO/LOJA";"VP VAREJO";"OPERACOES LOJAS";""
"2313";"DML - 34 - SUBGERENTE";"VP VAREJO";"OPERACOES LOJAS";""
"83";"COORD FISCAL";"VP ESTRATEGIA E FINANCAS";"TRIBUTARIA E FISCAL";""
"2075";"COORD GESTAO COMERCIAL";"VP COMERCIAL";"PLANEJAMENTO VENDAS";""
"3432";"EQUIPE PRECIFICACAO VAREJO1";"VP VAREJO";"COMERCIAL VAREJO";""
"1374";"GER PLANEJAMENTO CD";"VP COMERCIAL";"PLANEJAMENTO DE VENDAS";""
"3534";"ROS - 471 - EQUIPE LOJA";"VP VAREJO";"OPERACOES LOJAS";""
"2978";"TMO - 105 - EQUIPE LOJA";"VP VAREJO";"OPERACOES VAREJO";""
"186";"GER CALL CENTER VAREJO";"VP VAREJO";"OPERACOES LOJAS";""
"3630";"DF ENCARREGADO CONFERENCIA/LOOP 3 - T3";"PRESIDENCIA";"LOGISTICA";""
"2916";"TMO - 124 - EQUIPE LOJA";"VP VAREJO";"OPERACOES LOJAS";""
"2141";"EQUIPE REDES DF";"VP COMERCIAL";"VENDAS";""
"2913";"TMO - 111 - EQUIPE LOJA";"VP VAREJO";"OPERACOES LOJAS";""
"2915";"TMO - 120 - EQUIPE LOJA";"VP VAREJO";"OPERACOES LOJAS";""
"3047";"TMO - 167 - EQUIPE LOJA";"VP VAREJO";"OPERACOES LOJAS";""
"2321";"DML - 95 - SUBGERENTE";"VP VAREJO";"OPERACOES LOJAS";""
"1693";"GO EQUIPE CUSTOS";"PRESIDENCIA";"LOGISTICA";""
"2032";"SUP SPC 5";"VP COMERCIAL";"VENDAS";""
"2523";"ROS - 314 - GER FARMACEUTICO/LOJA";"VP VAREJO";"OPERACOES VAREJO";""
"1419";"ESTRATEGIA E GESTAO DISTRIBUICAO";"PRESIDENCIA";"ESTRATEGIA E GESTAO";""
"3489";"GER REGULATORIO FARMACEUTICO 2";"VP ESTRATEGIA E FINANCAS";"JURIDICO";""
"3694";"DF EQUIPE CGG";"PRESIDENCIA ";"CULTURA E GESTAO DE GENTE";""
"1966";"EQUIPES SPI 4";"VP COMERCIAL";"VENDAS";""
"1408";"EQUIPE FINANCEIRA - CONTAS A PAGAR";"PRESIDENCIA";"ADMINISTRATIVO FINANCEIRA";""
"1989";"RJ/ES - J&J";"VP COMERCIAL";"VENDAS";""
"3729";"ROS - 419 - EQUIPE/LOJA";"VP VAREJO";"OPERACOES LOJAS";""
"3560";"DML - 638 - SUBGERENTE";"VP VAREJO";"OPERACOES LOJAS";""
"3277";"MG ENCARREGADO PRODUCAO 2 - T1";"PRESIDENCIA";"LOGISTICA";""
"2825";"TMO - 175 - GER FARMACEUTICO/LOJA";"VP VAREJO";"OPERACOES LOJAS";""
"3742";"COORD TER";"PRESIDENCIA";"CULTURA E GESTAO DE GENTE";""
"2219";"GO SUP OPERACOES CRDK";"PRESIDENCIA";"LOGISTICA";""
"3006";"TMO - 152 - GER FARMACEUTICO/LOJA";"VP VAREJO";"OPERACOES LOJAS";""
"2306";"DML - 613 - GER FARMACEUTICO/LOJA";"VP VAREJO";"OPERACOES VAREJO";""
"473";"SPI SUP M&A";"PRESIDENCIA";"LOGISTICA";""
"3785";"TMO - 236 - GER FARMACEUTICO/LOJA";"VP VAREJO";"OPERACOES LOJAS";""
"3671";"DML - 643 - GER FARMACEUTICO/LOJA";"VP VAREJO";"OPERACOES LOJAS";""
"3449";"EQUIPE PROJETOS VAREJO 3";"VP VAREJO";"OPERACOES VAREJO";""
"3543";"COORD RESPONSABILIDADE SOCIAL";"PRESIDENCIA";"ESG";""
"2687";"ROS - 461 - GER FARMACEUTICO/LOJA";"VP VAREJO";"OPERACOES LOJAS";""
"3611";"DML - 629 - GER FARMACEUTICO/LOJA";"VP VAREJO";"OPERACOES LOJAS";""
"3353";"DML - 628 - SUBGERENTE";"VP VAREJO";"OPERACOES LOJAS";""
"28";"GER REGULATORIO FARMACEUTICO";"VP ESTRATEGIA E FINANCAS";"JURIDICO";""
"2688";"ROS - 306 - SUBGERENTE/LIDER";"VP VAREJO";"OPERACOES LOJAS";""
"3695";"SE SUP CGG";"PRESIDENCIA ";"CULTURA E GESTAO DE GENTE";""
"2483";"DML - 619 - GER FARMACEUTICO/LOJA";"VP VAREJO";"OPERACOES LOJAS";""
"3550";"ROS - 395 - EQUIPE LOJA";"VP VAREJO";"OPERACOES LOJAS";""
"1461";"EQUIPE CONSOLIDACAO";"PRESIDENCIA";"FINANCEIRO DISTRIBUICAO";""
"1588";"SPC EQUIPE GR";"PRESIDENCIA";"FINANCEIRO DISTRIBUICAO";""
"1739";"DF EQUIPE BLOQ";"PRESIDENCIA";"LOGISTICA";""
"2204";"SUP SPI 7";"VP COMERCIAL";"VENDAS";""
"1942";"EQUIPES RS 1";"VP COMERCIAL";"VENDAS";""
"2954";"TMO - 104 - SUBGERENTE/LIDER";"VP VAREJO";"OPERACOES LOJAS";""
"3095";"TMO - 160 - EQUIPE LOJA";"VP VAREJO";"OPERACOES LOJAS";""
"99";"GER FISCAL VAREJO";"VP ESTRATEGIA E FINANCAS";"TRIBUTARIA E FISCAL";""
"3552";"ROS - 383 - SUBGERENTE/LIDER";"VP VAREJO";"OPERACOES LOJAS";""
"2107";"MT EQUIPE MANUTENCAO PREDIAL";"PRESIDENCIA";"FINANCEIRO DISTRIBUICAO";""
"3494";"ROS - 468 - SUBGERENTE/LIDER";"VP VAREJO";"OPERACOES VAREJO";""
"2980";"TMO - 106 - EQUIPE LOJA";"VP VAREJO";"OPERACOES LOJAS";""
"2472";"DML - 17 - GER FARMACEUTICO/LOJA";"VP VAREJO";"OPERACOES LOJAS";""
"2750";"ROS - 310 - EQUIPE LOJA";"VP VAREJO";"OPERACOES LOJAS";""
"3028";"TMO - 166 - SUBGERENTE/LIDER";"VP VAREJO";"OPERACOES LOJAS";""
"1789";"GER REGIONAL OPERACOES NE";"PRESIDENCIA";"LOGISTICA";""
"3632";"ROS - 396 - SUBGERENTE/LIDER";"VP VAREJO";"OPERACOES LOJAS";""
"2285";"DML - 89 - EQUIPE LOJA";"VP VAREJO";"OPERACOES LOJAS";""
"3246";"BA ENCARREGADO RECEBIMENTO - T2";"PRESIDENCIA";"LOGISTICA";""
"2835";"TMO - 116 - SUBGERENTE/LIDER";"VP VAREJO";"OPERACOES LOJAS";""
"1812";"MG EQUIPE GPP";"PRESIDENCIA";"FINANCEIRO DISTRIBUICAO";""
"2615";"ROS - 425 - GER FARMACEUTICO/LOJA";"VP VAREJO";"OPERACOES LOJAS";""
"1456";"GER CONTABILIDADE E CUSTOS";"PRESIDENCIA";"FINANCEIRO DISTRIBUICAO";""
"3794";"PR BOMBEIRO CIVIL";"PRESIDENCIA";"FINANCEIRO DISTRIBUICAO";""
"2433";"DML - 67 - SUBGERENTE";"VP VAREJO";"OPERACOES LOJAS";""
"2186";"COORD ADMINISTRACAO DE PESSOAL - SAUDE OCUPACIONAL";"PRESIDENCIA";"ADMINISTRATIVO FINANCEIRA";""
"3001";"TMO - 118 - GER FARMACEUTICO/LOJA";"VP VAREJO";"OPERACOES LOJAS";""
"2642";"ROS - 304 - EQUIPE LOJA";"VP VAREJO";"OPERACOES LOJAS";""
"2917";"TMO - 127 - EQUIPE LOJA";"VP VAREJO";"OPERACOES VAREJO";""
"2782";"ROS - 345 - SUBGERENTE/LIDER";"VP VAREJO";"OPERACOES LOJAS";""
"3301";"MG EQUIPE CGG";"PRESIDENCIA";"CULTURA E GESTAO DE GENTE";""
"2467";"DML - 623 - EQUIPE LOJA";"VP VAREJO";"OPERACOES LOJAS";""
"3266";"ES GER OPERACOES CRDK";"PRESIDENCIA";"LOGISTICA";""
"2718";"ROS - 322 - EQUIPE LOJA";"VP VAREJO";"OPERACOES LOJAS";""
"2862";"TMO - 169 - EQUIPE LOJA";"VP VAREJO";"OPERACOES VAREJO";""
"1534";"RJ EQUIPE CONFERENCIA - T2";"PRESIDENCIA";"LOGISTICA";""
"1798";"MG EQUIPE ABASTECIMENTO - T1";"PRESIDENCIA";"LOGISTICA";""
"3104";"GER REGIONAL ROS 5";"VP VAREJO";"OPERACOES LOJAS";""
"2423";"DML - 19 - SUBGERENTE";"VP VAREJO";"OPERACOES VAREJO";""
"8";"VP DISTRIBUICAO";"PRESIDENCIA";"VP DISTRIBUICAO";""
"2596";"ROS - 304 - GER FARMACEUTICO/LOJA";"VP VAREJO";"OPERACOES LOJAS";""
"1706";"GO ENCARREGADO LINHA 3/CONTROLADO - T3";"PRESIDENCIA";"LOGISTICA";""
"3024";"TMO - 152 - SUBGERENTE/LIDER";"VP VAREJO";"OPERACOES LOJAS";""
"1963";"EQUIPES SPI 1";"VP COMERCIAL";"VENDAS";""
"3263";"ASSISTENTE FINANCEIRO";"PRESIDENCIA";"FINANCEIRO DISTRIBUICAO";""
"2019";"RJ EQUIPE CRDK";"PRESIDENCIA";"LOGISTICA";""
"3243";"EQUIPES SPI 6";"VP COMERCIAL";"VENDAS";""
"3030";"TMO - 170 - SUBGERENTE/LIDER";"VP VAREJO";"OPERACOES LOJAS";""
"2256";"DML - 96 - SUBGERENTE";"VP VAREJO";"OPERACOES LOJAS";""
"2780";"ROS - 340 - SUBGERENTE/LIDER";"VP VAREJO";"OPERACOES LOJAS";""
"2056";"EQUIPE CONTABILIDADE E CUSTOS (REPORT GER)";"PRESIDENCIA";"FINANCEIRO VAREJO";""
"50";"GER FINANCEIRO PFS";"PRESIDENCIA";"FINANCEIRO DISTRIBUICAO";""
"1827";"PE EQUIPE MANUTENCAO PREDIAL";"PRESIDENCIA";"FINANCEIRO DISTRIBUICAO";""
"3802";"EQUIPE EXPANSAO";"VP VAREJO";"OPERACOES VAREJO";""
"2731";"ROS - 410 - EQUIPE LOJA";"VP VAREJO";"OPERACOES LOJAS";""
"2416";"DML - 620 - GER FARMACEUTICO/LOJA";"VP VAREJO";"OPERACOES VAREJO";""
"2068";"RTM - INDEPENDENTES E ASSOCIACOES EQUIPES";"VP COMERCIAL";"PLANEJAMENTO VENDAS";""
"1539";"RJ ENCARREGADO PICKING BAIXO - T3";"PRESIDENCIA";"LOGISTICA";""
"2160";"SPC EQUIPE LINHA 3 - T1 E T2";"PRESIDENCIA";"LOGISTICA";""
"1910";"RJ EQUIPE CRDK - T2";"PRESIDENCIA";"LOGISTICA";""
"158";"GER CONVENIO";"VP VAREJO";"MARKETING VAREJO";""
"1948";"EQUIPES TO";"VP COMERCIAL";"VENDAS";""
"1959";"EQUIPES SPC 2";"VP COMERCIAL";"VENDAS";""
"1351";"EQUIPE LEAN";"PRESIDENCIA";"LOGISTICA";""
"1958";"EQUIPES SPC 1";"VP COMERCIAL";"VENDAS";""
"2225";"SPC ENCARREGADO GPP E GR";"PRESIDENCIA";"FINANCEIRO DISTRIBUICAO";""
"1952";"EQUIPES CONTAS RJ/ES";"VP COMERCIAL";"VENDAS";""
"3344";"ROS - 410 - GER FARMACEUTICO/LOJA";"VP VAREJO";"OPERACOES VAREJO";""
"3521";"ROS - 475 - GER FARMACEUTICO/LOJA";"VP VAREJO";"OPERACOES LOJAS";""
"3167";"DML - 18 - EQUIPE LOJA";"VP VAREJO";"OPERACOES LOJAS";""
"81";"PLANEJAMENTO VP CORP";"NAO INFORMADO";"NAO INFORMADO";""
"3131";"ROS - 407 - GER FARMACEUTICO/LOJA";"VP VAREJO";"OPERACOES VAREJO";""
"3738";"TMO - 232 - EQUIPE/LOJA";"VP VAREJO";"OPERACOES LOJAS";""
"1727";"DF EQUIPE CONFERENCIA - T3";"PRESIDENCIA";"LOGISTICA";""
"3698";"ES SUP CGG";"PRESIDENCIA ";"CULTURA E GESTAO DE GENTE";""
"3310";"ES ENCARREGADO RECEBIMENTO - 01";"PRESIDENCIA";"LOGISTICA";""
"3499";"EQUIPE GER TRABALHISTA";"VP ESTRATEGIA E FINANCAS";"JURIDICO";""
"1378";"GER COMERCIAL OTC";"VP COMERCIAL";"COMERCIAL";""
"11";"GER SUPRIMENTOS";"PRESIDENCIA";"ADMINISTRATIVO FINANCEIRA";""
"3709";"ESPEC. COMERCIAL GENERICOS";"VP COMERCIAL";"COMERCIAL";""
"29";"GER ADMINISTRACAO PESSOAL";"PRESIDENCIA";"ADMINISTRATIVO FINANCEIRA";""
"3717";"COORD E-COMMERCE AFILIADOS VAREJO";"VP VAREJO";"OPERACOES VAREJO";""
"2234";"MG ENCARREGADO D&E - T2";"PRESIDENCIA";"LOGISTICA";""
"1668";"SUP SPC 4";"VP COMERCIAL";"VENDAS";""
"1689";"GO SUP OPERACOES";"PRESIDENCIA";"LOGISTICA";""
"2183";"COORD PEOPLE ANALYTICS";"PRESIDENCIA";"CULTURA E GESTAO DE GENTE";""
"32";"RJ ENCARREGADO EXPEDICAO - T3 (2)";"PRESIDENCIA";"LOGISTICA";""
"3134";"DML - 48 - SUBGERENTE";"VP VAREJO";"OPERACOES LOJAS";""
"1711";"GO EQUIPE D&E - T3";"PRESIDENCIA";"LOGISTICA";""
"3099";"TMO - 181 - EQUIPE LOJA";"VP VAREJO";"OPERACOES LOJAS";""
"3388";"ROS - 331 - EQUIPE LOJA";"VP VAREJO";"OPERACOES LOJAS";""
"2814";"TMO - 115 - GER FARMACEUTICO/LOJA";"VP VAREJO";"OPERACOES LOJAS";""
"1457";"FINANCEIRA DISTRIBUICAO CONTABILIDADE E CUSTOS (GER)";"PRESIDENCIA";"FINANCEIRO DISTRIBUICAO";""
"3804";"COORD FINAN. - CONTAS A PAGAR";"PRESIDENCIA";"ADMINISTRATIVO FINANCEIRA";""
"2348";"DML - 13 - GER FARMACEUTICO/LOJA";"VP VAREJO";"OPERACOES LOJAS";""
"2754";"ROS - 408 - EQUIPE LOJA";"VP VAREJO";"OPERACOES LOJAS";""
"2207";"EQUIPE GER TRIBUTARIA";"VP ESTRATEGIA E FINANCAS";"TRIBUTARIA E FISCAL";""
"3528";"DF BOMBEIRO CIVIL";"PRESIDENCIA";"FINANCEIRO DISTRIBUICAO";""
"191";"GER REGIONAL DML/FML 4";"VP VAREJO";"OPERACOES LOJAS";""
"3294";"SPC ENCARREGADO ABASTECIMENTO - T2";"PRESIDENCIA";"LOGISTICA";""
"3390";"ROS - 310 - EQUIPE LOJA";"VP VAREJO";"OPERACOES VAREJO";""
"3245";"EQUIPE SAC VAREJO";"PRESIDENCIA";"LOGISTICA";""
"3482";"ENCARREGADO DF 3";"VP VAREJO";"OPERACOES LOJAS";""
"2843";"TMO - 173 - SUBGERENTE/LIDER";"VP VAREJO";"OPERACOES LOJAS";""
"2600";"ROS - 335 - GER FARMACEUTICO/LOJA";"VP VAREJO";"OPERACOES VAREJO";""
"2536";"ROS - 366 - GER FARMACEUTICO/LOJA";"VP VAREJO";"OPERACOES VAREJO";""
"2824";"TMO - 174 - GER FARMACEUTICO/LOJA";"VP VAREJO";"OPERACOES LOJAS";""
"3140";"DML - 40 - SUBGERENTE";"VP VAREJO";"OPERACOES LOJAS";""
"135";"BP DISTRIBUICAO AREAS NEGOCIOS";"PRESIDENCIA";"CULTURA E GESTAO DE GENTE";""
"1822";"PE EQUIPE BLOQ";"PRESIDENCIA";"LOGISTICA";""
"2770";"ROS - 375 - GER FARMACEUTICO/LOJA";"VP VAREJO";"OPERACOES VAREJO";""
"3234";"GER 2 INTELIGENCIA DE MERCADO";"VP COMERCIAL";"PLANEJAMENTO VENDAS";""
"3013";"TMO - 178 - GER FARMACEUTICO/LOJA";"VP VAREJO";"OPERACOES LOJAS";""
"3150";"ROS - 331 - SUBGERENTE/LIDER";"VP VAREJO";"OPERACOES VAREJO";""
"409";"RJ EQUIPE EXPEDICAO - T2";"PRESIDENCIA";"LOGISTICA";""
"112";"EQUIPE PREVENCAO DE PERDAS - OPERACIONAL";"PRESIDENCIA";"FINANCEIRO VAREJO";""
"2465";"DML - 618 - EQUIPE LOJA";"VP VAREJO";"OPERACOES LOJAS";""
"3584";"ROS - 438 - SUBGERENTE/LIDER";"VP VAREJO";"OPERACOES VAREJO";""
"2392";"DML - 606 - EQUIPE LOJA";"VP VAREJO";"OPERACOES LOJAS";""
"3446";"COORD EXPANSAO 2";"VP VAREJO";"OPERACOES VAREJO";""
"2906";"TMO - 159 - SUBGERENTE/LIDER";"VP VAREJO";"OPERACOES VAREJO";""
"162";"COORD CRM";"VP VAREJO";"MARKETING VAREJO";""
"3209";"GER SELL OUT 2";"VP VAREJO";"COMERCIAL VAREJO";""
"425";"SPC ENCARREGADO PICKING/LINHA 3 - T2";"PRESIDENCIA";"LOGISTICA";""
"16";"GER SISTEMAS GRUPO";"PRESIDENCIA";"TECNOLOGIA INFORMACAO";""
"3020";"TMO - 131 - SUBGERENTE/LIDER";"VP VAREJO";"OPERACOES LOJAS";""
"9";"DIRETORIA EXECUTIVA DE TECNOLOGIA DA INFORMACAO";"PRESIDENCIA";"TECNOLOGIA INFORMACAO";""
"1475";"RJ EQUIPE COBRANCA";"PRESIDENCIA";"FINANCEIRO DISTRIBUICAO";""
"2900";"TMO - 142 - SUBGERENTE/LIDER";"VP VAREJO";"OPERACOES LOJAS";""
"2992";"TMO - 148 - EQUIPE LOJA";"VP VAREJO";"OPERACOES LOJAS";""
"2976";"TMO - 190 - SUBGERENTE/LIDER";"VP VAREJO";"OPERACOES LOJAS";""
"3487";"SUP SUPORTE VAREJO";"PRESIDENCIA";"TECNOLOGIA INFORMACAO";""
"2300";"DML - 79 - GER FARMACEUTICO/LOJA";"VP VAREJO";"OPERACOES LOJAS";""
"3038";"TMO - 131 - EQUIPE LOJA";"VP VAREJO";"OPERACOES LOJAS";""
"1536";"RJ EQUIPE LINHA 3 - T2";"PRESIDENCIA";"LOGISTICA";""
"2248";"DML - 87 - GER FARMACEUTICO/LOJA";"VP VAREJO";"OPERACOES LOJAS";""
"1474";"SUP COBRANCA";"PRESIDENCIA";"FINANCEIRO DISTRIBUICAO";""
"3747";"ROS - 472 - SUBGERENTE/LIDER";"VP VAREJO";"OPERACOES VAREJO";""
"3180";"GER GOVERNANCA VAREJO";"VP VAREJO";"VP VAREJO";""
"2856";"TMO - 123 - EQUIPE LOJA";"VP VAREJO";"OPERACOES LOJAS";""
"88";"GER COMPLIANCE";"PRESIDENCIA";"ESG";""
"2894";"TMO - 119 - SUBGERENTE/LIDER";"VP VAREJO";"OPERACOES LOJAS";""
"2498";"DML - 605 - SUBGERENTE";"VP VAREJO";"OPERACOES LOJAS";""
"2945";"TMO - 138 - GER FARMACEUTICO/LOJA";"VP VAREJO";"OPERACOES LOJAS";""
"3034";"TMO - 189 - SUBGERENTE/LIDER";"VP VAREJO";"OPERACOES LOJAS";""
"2789";"ROS - 377 - SUBGERENTE/LIDER";"VP VAREJO";"OPERACOES LOJAS";""
"3587";"ROS - 468 - SUBGERENTE/LIDER";"VP VAREJO";"OPERACOES VAREJO";""
"2010";"AL EQUIPE M&A QUALIDADE";"PRESIDENCIA";"LOGISTICA";""
"3270";"SPI SUP GPP E GR";"PRESIDENCIA";"FINANCEIRO DISTRIBUICAO";""
"2720";"ROS - 332 - EQUIPE LOJA";"VP VAREJO";"OPERACOES LOJAS";""
"2341";"DML - 604 - EQUIPE LOJA";"VP VAREJO";"OPERACOES LOJAS";""
"2220";"GO ENCARREGADO CRDK";"PRESIDENCIA";"LOGISTICA";""
"1683";"SUP PB";"VP COMERCIAL";"VENDAS";""
"3130";"ROS - 337 - GER FARMACEUTICO/LOJA";"VP VAREJO";"OPERACOES VAREJO";""
"3396";"ROS - 464 - EQUIPE LOJA";"VP VAREJO";"OPERACOES LOJAS";""
"2361";"DML - 617 - GER FARMACEUTICO/LOJA";"VP VAREJO";"OPERACOES LOJAS";""
"1985";"DF - ESTRATEGICO";"VP COMERCIAL";"VENDAS";""
"3483";"ENCARREGADO DF 4";"VP VAREJO";"OPERACOES VAREJO";""
"2180";"RJ COORD CRDK";"PRESIDENCIA";"LOGISTICA";""
"3101";"TMO - 196 - EQUIPE LOJA";"VP VAREJO";"OPERACOES LOJAS";""
"1617";"SPI EQUIPE CUSTOS";"PRESIDENCIA";"LOGISTICA";""
"2365";"DML - 24 - SUBGERENTE";"VP VAREJO";"OPERACOES LOJAS";""
"1382";"ESPECIALISTA MEX";"VP COMERCIAL";"COMERCIAL";""
"2347";"DML - 12 - GER FARMACEUTICO/LOJA";"VP VAREJO";"OPERACOES LOJAS";""
"3582";"EQUIPE COMERCIAL";"VP SPECIALTY";"VP SPECIALTY";""
"3111";"DML - 48 - GER FARMACEUTICO/LOJA";"VP VAREJO";"OPERACOES LOJAS";""
"2765";"ROS - 347 - GER FARMACEUTICO/LOJA";"VP VAREJO";"OPERACOES LOJAS";""
"2013";"AL EQUIPE D&E TRANSPORTE";"PRESIDENCIA";"LOGISTICA";""
"1976";"EQUIPES PB";"VP COMERCIAL";"VENDAS";""
"3461";"MT ENCARREGADO M&A MEZANINO - T1";"PRESIDENCIA";"LOGISTICA";""
"3027";"TMO - 163 - SUBGERENTE/LIDER";"VP VAREJO";"OPERACOES LOJAS";""
"3325";"DML - 620 - GER FARMACEUTICO/LOJA";"VP VAREJO";"OPERACOES LOJAS";""
"1738";"DF EQUIPE FACILITIES";"PRESIDENCIA";"FINANCEIRO DISTRIBUICAO";""
"2459";"DML - 71 - EQUIPE LOJA";"VP VAREJO";"OPERACOES LOJAS";""
"3115";"DML - 20 - GER FARMACEUTICO/LOJA";"VP VAREJO";"OPERACOES LOJAS";""
"1583";"SPC EQUIPE CUSTOS";"PRESIDENCIA";"LOGISTICA";""
"2608";"ROS - 355 - GER FARMACEUTICO/LOJA";"VP VAREJO";"OPERACOES LOJAS";""
"1953";"EQUIPES MG NORTE 1";"VP COMERCIAL";"VENDAS";""
"3715";"SUP RJ 2 / ES";"VP COMERCIAL";"VENDAS";""
"2798";"ROS - 340 - EQUIPE LOJA";"VP VAREJO";"OPERACOES LOJAS";""
"343";"SUP CALL CENTER 100%";"VP COMERCIAL";"VENDAS";""
"1733";"DF EQUIPE GPP";"PRESIDENCIA";"FINANCEIRO DISTRIBUICAO";""
"2861";"TMO - 164 - EQUIPE LOJA";"VP VAREJO";"OPERACOES LOJAS";""
"3426";"EQUIPE GS ADMINISTRATIVA";"PRESIDENCIA";"ADMINISTRATIVO FINANCEIRA";""
"1507";"COORD AUTOMACAO";"PRESIDENCIA";"LOGISTICA";""
"3553";"ROS - 383 - EQUIPE LOJA";"VP VAREJO";"OPERACOES LOJAS";""
"1955";"EQUIPES MG SUL 1";"VP COMERCIAL";"VENDAS";""
"2477";"DML - 52 - GER FARMACEUTICO/LOJA";"VP VAREJO";"OPERACOES LOJAS";""
"3221";"EQUIPE SUP ADMINISTRATIVA";"PRESIDENCIA";"ADMINISTRATIVO FINANCEIRA";""
"3309";"GER PROJETOS 1";"PRESIDENCIA";"PRESIDENCIA";""
"3333";"ROS - 378 - GER FARMACEUTICO/LOJA";"VP VAREJO";"OPERACOES LOJAS";""
"3337";"ROS - 469 - GER FARMACEUTICO/LOJA";"VP VAREJO";"OPERACOES LOJAS";""
"7";"VP VAREJO";"PRESIDENCIA";"VP VAREJO";""
"2957";"TMO - 106 - SUBGERENTE/LIDER";"VP VAREJO";"OPERACOES LOJAS";""
"3450";"EQUIPE EXPANSAO 3";"VP VAREJO";"OPERACOES VAREJO";""
"2484";"DML - 621 - GER FARMACEUTICO/LOJA";"VP VAREJO";"OPERACOES LOJAS";""
"3567";"TMO - 224 - EQUIPE LOJA";"VP VAREJO";"OPERACOES LOJAS";""
"1541";"RJ ENCARREGADO PICKING MEZANINO - T3";"PRESIDENCIA";"LOGISTICA";""
"1598";"SPI EQUIPE M&A QUALIDADE";"PRESIDENCIA";"LOGISTICA";""
"1608";"SPI ENCARREGADO RECEBIMENTO/ARMAZENAGEM - T3";"PRESIDENCIA";"LOGISTICA";""
"2345";"DML - 616 - EQUIPE LOJA";"VP VAREJO";"OPERACOES LOJAS";""
"2239";"COORD GPP INVENTARIO";"PRESIDENCIA";"FINANCEIRO DISTRIBUICAO";""
"3281";"RJ M&A - T3";"PRESIDENCIA";"LOGISTICA";""
"3060";"TMO - 140 - GER FARMACEUTICO/LOJA";"VP VAREJO";"OPERACOES LOJAS";""
"3640";"DML - 641 - EQUIPE LOJA";"VP VAREJO";"OPERACOES LOJAS";""
"3470";"ES EQUIPE FACILITIES";"PRESIDENCIA";"FINANCEIRO DISTRIBUICAO";""
"3536";"DML - 30 - SUBGERENTE";"VP VAREJO";"OPERACOES LOJAS";""
"3514";"BA COORD OPERACOES";"PRESIDENCIA";"LOGISTICA";""
"1415";"GER RISCOS";"VP ESTRATEGIA E FINANCAS";"AUDITORIA E COMPLIANCE";""
"1478";"COORD GPP E GR";"PRESIDENCIA";"FINANCEIRO DISTRIBUICAO";""
"1606";"SPI EQUIPE CONFERENCIA - T3";"PRESIDENCIA";"LOGISTICA";""
"3610";"EQUIPE ADMINISTRATIVO";"PRESIDENCIA";"FINANCEIRO DISTRIBUICAO";""
"1862";"PB EQUIPE RECEBIMENTO/ESTOQUE - T1";"PRESIDENCIA";"LOGISTICA";""
"2355";"DML - 46 - GER FARMACEUTICO/LOJA";"VP VAREJO";"OPERACOES LOJAS";""
"2702";"ROS - 369 - SUBGERENTE/LIDER";"VP VAREJO";"OPERACOES LOJAS";""
"2715";"ROS - 312 - EQUIPE LOJA";"VP VAREJO";"OPERACOES LOJAS";""
"2142";"GER CONTAS SUL / SP / CO / ALIM";"VP COMERCIAL";"VENDAS";""
"1437";"BP DISTRIBUICAO OPERACOES FILIAIS (AL, BA, MG, PB, PE, RN, SE, SPI, SPC)";"PRESIDENCIA";"CULTURA E GESTAO DE GENTE";""
"1613";"SPI EQUIPE D&E TRANSPORTE";"PRESIDENCIA";"LOGISTICA";""
"3199";"COORD PRECIFICACAO VAREJO";"VP VAREJO";"COMERCIAL VAREJO";""
"2114";"SUP CONTAS RS";"VP COMERCIAL";"VENDAS";""
"2540";"ROS - 438 - GER FARMACEUTICO/LOJA";"VP VAREJO";"OPERACOES VAREJO";""
"3679";"DF EQUIPE SEPARACAOLOOP 3";"PRESIDENCIA";"LOGISTICA";""
"3320";"ES EQUIPE M&A 2";"PRESIDENCIA";"LOGISTICA";""
"3689";"ES GER OPERACOES";"PRESIDENCIA ";"LOGISTICA";""
"1574";"SPC ENCARREGADO RECEBIMENTO - T1";"PRESIDENCIA";"LOGISTICA";""
"93";"EQUIPE PROJETOS FISCAIS";"VP ESTRATEGIA E FINANCAS";"TRIBUTARIA E FISCAL";""
"1967";"EQUIPES BA 1";"VP COMERCIAL";"VENDAS";""
"1495";"SUP REDES SP 1";"VP COMERCIAL";"VENDAS";""
"2044";"CDRJ TELEMKT OL";"VP COMERCIAL";"PLANEJAMENTO DE VENDAS";""
"1928";"ES ENCARREGADO CRDK - T1";"PRESIDENCIA";"LOGISTICA";""
"1602";"SPI EQUIPE RECEBIMENTO/ARMAZENAGEM - T1";"PRESIDENCIA";"LOGISTICA";""
"205";"SUP CALL CENTER DF VAREJO";"VP VAREJO";"OPERACOES LOJAS";""
"2094";"RJ EQUIPE TORRE DE CONTROLE";"PRESIDENCIA";"LOGISTICA";""
"84";"COORD TRIBUTARIA 1";"VP ESTRATEGIA E FINANCAS";"TRIBUTARIA E FISCAL";""
"1399";"TRABALHISTA - TRIBUTARIO";"VP CORPORATIVA";"JURIDICO";""
"1788";"PR EQUIPE D&E - T1";"PRESIDENCIA";"LOGISTICA";""
"3636";"TMO - 226 - SUBGERENTE/LIDER";"VP VAREJO";"OPERACOES LOJAS";""
"1893";"BA EQUIPE FATURAMENTO";"PRESIDENCIA";"LOGISTICA";""
"267";"SUP PR - ASSOCIATIVISMO";"VP COMERCIAL";"VENDAS";""
"2415";"DML - 618 - GER FARMACEUTICO/LOJA";"VP VAREJO";"OPERACOES LOJAS";""
"1698";"GO ENCARREGADO BLOQ - T1";"PRESIDENCIA";"LOGISTICA";""
"1620";"SPI EQUIPE GPP";"PRESIDENCIA";"FINANCEIRO DISTRIBUICAO";""
"2400";"DML - 29 - GER FARMACEUTICO/LOJA";"VP VAREJO";"OPERACOES LOJAS";""
"1841";"AL EQUIPE MANUTENCAO PREDIAL";"PRESIDENCIA";"FINANCEIRO DISTRIBUICAO";""
"2173";"SUPERVISAO HBN RJ";"VP COMERCIAL";"PLANEJAMENTO DE VENDAS";""
"2266";"DML - 80 - GER FARMACEUTICO/LOJA";"VP VAREJO";"OPERACOES LOJAS";""
"2463";"DML - 94 - EQUIPE LOJA";"VP VAREJO";"OPERACOES LOJAS";""
"2014";"BA EQUIPE CRDK";"PRESIDENCIA";"LOGISTICA";""
"144";"GER H1, H2 e H3";"PRESIDENCIA";"INOVACAO";""
"1781";"PR EQUIPE PICKING - T3";"PRESIDENCIA";"LOGISTICA";""
"176";"HB/OTC TRADE MARKETING";"VP VAREJO";"COMERCIAL VAREJO";""
"1638";"GER SPC";"VP COMERCIAL";"VENDAS";""
"2556";"ROS - 343 - SUBGERENTE/LIDER";"VP VAREJO";"OPERACOES LOJAS";""
"10";"DIRETORIA JURIDICO";"VP ESTRATEGIA E FINANCAS";"JURIDICO";""
"2454";"DML - 45 - EQUIPE LOJA";"VP VAREJO";"OPERACOES LOJAS";""
"2890";"TMO - 995 - GER FARMACEUTICO/LOJA";"VP VAREJO";"OPERACOES LOJAS";""
"1652";"SUP TO";"VP COMERCIAL";"VENDAS";""
"3295";"SPC EQUIPE ABASTECIMENTO - T2";"PRESIDENCIA";"LOGISTICA";""
"2125";"EQUIPE TRABALHISTA";"VP ESTRATEGIA E FINANCAS";"JURIDICO";""
"2864";"TMO - 174 - EQUIPE LOJA";"VP VAREJO";"OPERACOES LOJAS";""
"1990";"RS - J&J";"VP COMERCIAL";"VENDAS";""
"2078";"PLANEJAMENTO CD EQUIPES";"VP COMERCIAL";"PLANEJAMENTO DE VENDAS";""
"3623";"DML - 644 - SUBGERENTE";"VP VAREJO";"OPERACOES LOJAS";""
"2698";"ROS - 339 - SUBGERENTE/LIDER";"VP VAREJO";"OPERACOES LOJAS";""
"2135";"EQUIPE CREDITO";"PRESIDENCIA";"FINANCEIRO DISTRIBUICAO";""
"1878";"BA ENCARREGADO RECEBIMENTO/ARMAZENAGEM - T1";"PRESIDENCIA";"LOGISTICA";""
"3603";"DML - 70 - EQUIPE LOJA";"VP VAREJO";"OPERACOES LOJAS";""
"2259";"DML - 68 - EQUIPE LOJA";"VP VAREJO";"OPERACOES LOJAS";""
"3166";"DML - 2 - EQUIPE LOJA";"VP VAREJO";"OPERACOES LOJAS";""
"1791";"MG SUP M&A 1";"PRESIDENCIA";"LOGISTICA";""
"1830";"PE ENCARREGADO M&A - T1";"PRESIDENCIA";"LOGISTICA";""
"2202";"SPC EQUIPE GRANDES CONTAS - T2";"PRESIDENCIA";"LOGISTICA";""
"3554";"COORD SUPPLY CHAIN GESTAO PEDIDOS";"PRESIDENCIA";"SUPPLY CHAIN";""
"3240";"ESPECIALISTA ENGENHEIRO ELETRICISTA";"PRESIDENCIA";"FINANCEIRO DISTRIBUICAO";""
"3788";"EQUIPE REDES ES";"VP COMERCIAL";"VENDAS";""
"1840";"AL EQUIPE GPP";"PRESIDENCIA";"FINANCEIRO DISTRIBUICAO";""
"2388";"DML - 49 - EQUIPE LOJA";"VP VAREJO";"OPERACOES LOJAS";""
"3252";"GER GOVERNANCA VAREJO";"VP VAREJO";"VP VAREJO";""
"2004";"GER HOSPITALAR";"VP COMERCIAL";"VENDAS";""
"2555";"ROS - 336 - SUBGERENTE/LIDER";"VP VAREJO";"OPERACOES LOJAS";""
"1480";"RJ EQUIPE GPP (REPORT SUP)";"PRESIDENCIA";"FINANCEIRO DISTRIBUICAO";""
"2966";"TMO - 128 - SUBGERENTE/LIDER";"VP VAREJO";"OPERACOES LOJAS";""
"3439";"EQUIPE SSO VAREJO";"PRESIDENCIA";"ADMINISTRATIVO FINANCEIRA";""
"1376";"GER INTELIGENCIA DE MERCADO";"PRESIDENCIA";"SUPPLY CHAIN VAREJO";""
"3097";"TMO - 168 - EQUIPE LOJA";"VP VAREJO";"OPERACOES LOJAS";""
"2611";"ROS - 364 - GER FARMACEUTICO/LOJA";"VP VAREJO";"OPERACOES LOJAS";""
"3726";"EQUIPE E-COMMERCE AFILIADOS VAREJO";"VP VAREJO";"OPERACOES VAREJO";""
"2531";"ROS - 343 - GER FARMACEUTICO/LOJA";"VP VAREJO";"OPERACOES LOJAS";""
"2140";"SUP REDES CO";"VP COMERCIAL";"VENDAS";""
"2318";"DML - 77 - SUBGERENTE";"VP VAREJO";"OPERACOES LOJAS";""
"5";"DIRETORIA CULTURA E GESTAO DE GENTE";"PRESIDENCIA";"PRESIDENCIA";""
"1587";"SPC EQUIPE GPP";"PRESIDENCIA";"FINANCEIRO DISTRIBUICAO";""
"3702";"EQUIPE GKO";"PRESIDENCIA";"FINANCEIRO DISTRIBUICAO";""
"2535";"ROS - 357 - GER FARMACEUTICO/LOJA";"VP VAREJO";"OPERACOES LOJAS";""
"233";"COORD CELULA SUPORTE INFORMACAO";"VP COMERCIAL";"COMERCIAL";""
"2638";"ROS - 425 - SUBGERENTE/LIDER";"VP VAREJO";"OPERACOES LOJAS";""
"3380";"DML - 626 - EQUIPE LOJA";"VP VAREJO";"OPERACOES LOJAS";""
"1754";"RS ENCARREGADO RECEBIMENTO - T1";"PRESIDENCIA";"LOGISTICA";""
"3138";"DML - 20 - SUBGERENTE";"VP VAREJO";"OPERACOES LOJAS";""
"3766";"ES EQUIPE GPP E GR SPECIALTY";"PRESIDENCIA";"FINANCEIRO DISTRIBUICAO";""
"38";"SUP GESTAO SERVICOS - CENTRAL ATENDIMENTO";"VP CORPORATIVA";"CENTRO SERVICOS COMPARTILHADOS";""
"2026";"PEDIDO ELETRONICO CD";"VP COMERCIAL";"MARKETING";""
"3155";"ROS - 378 - SUBGERENTE/LIDER";"VP VAREJO";"OPERACOES VAREJO";""
"3347";"ROS/DF - 368 - GER FARMACEUTICO/LOJA";"VP VAREJO";"OPERACOES VAREJO";""
"1956";"EQUIPES MG SUL 2";"VP COMERCIAL";"VENDAS";""
"2815";"TMO - 116 - GER FARMACEUTICO/LOJA";"VP VAREJO";"OPERACOES LOJAS";""
"1691";"GO EQUIPE GR";"PRESIDENCIA";"LOGISTICA";""
"3647";"RJ ENCARREGADO SEPARACAO - T3";"PRESIDENCIA ";"LOGISTICA";""
"2200";"SPC EQUIPE CRDK/FOB - T1";"PRESIDENCIA";"LOGISTICA";""
"1719";"DF EQUIPE RECEBIMENTO - T1";"PRESIDENCIA";"LOGISTICA";""
"1411";"EQUIPE PROJETOS 3";"PRESIDENCIA";"PRESIDENCIA";""
"157";"GER ESPECIALISTA FARMA";"VP VAREJO";"MARKETING VAREJO";""
"1526";"RJ EQUIPE LINHA 3 - T1";"PRESIDENCIA";"LOGISTICA";""
"3254";"GER CONSULTORIA PROJETO";"PRESIDENCIA";"PRESIDENCIA";""
"111";"PREVENCAO DE PERDAS - INTELIGENCIA";"PRESIDENCIA";"FINANCEIRO VAREJO";""
"159";"COORD COMUNICACAO INSTITUCIONAL";"VP VAREJO";"MARKETING VAREJO";""
"1997";"PLANEJAMENTO DE VENDAS 2";"VP COMERCIAL";"PLANEJAMENTO VENDAS";""
"1380";"GER GESTAO DE CATEGORIAS NAO MEDICAMENTOS";"VP COMERCIAL";"COMERCIAL";""
"1745";"RS EQUIPE MANUTENCAO PREDIAL";"PRESIDENCIA";"FINANCEIRO DISTRIBUICAO";""
"3458";"MT ENCARREGADO M&A MEZANINO - T3";"PRESIDENCIA";"LOGISTICA";""
"1937";"EQUIPES PR 2";"VP COMERCIAL";"VENDAS";""
"3358";"DML - 44 - SUBGERENTE";"VP VAREJO";"OPERACOES LOJAS";""
"101";"GER INVENTARIO LOJAS";"PRESIDENCIA";"FINANCEIRO VAREJO";""
"3043";"TMO - 153 - EQUIPE LOJA";"VP VAREJO";"OPERACOES LOJAS";""
"1793";"MG ENCARREGADO RECEBIMENTO - T1";"PRESIDENCIA";"LOGISTICA";""
"347";"SUP PAs EXCLUSIVAS";"VP COMERCIAL";"VENDAS";""
"1721";"DF EQUIPE ESTOQUE/ARMAZENAGEM - T1";"PRESIDENCIA";"LOGISTICA";""
"2275";"DML - 84 - SUBGERENTE";"VP VAREJO";"OPERACOES LOJAS";""
"1924";"ES ENCARREGADO D&E - T1";"PRESIDENCIA";"LOGISTICA";""
"2677";"ROS - 360 - GER FARMACEUTICO/LOJA";"VP VAREJO";"OPERACOES VAREJO";""
"1777";"PR EQUIPE ABASTECIMENTO/PRODUCAO - T1";"PRESIDENCIA";"LOGISTICA";""
"1484";"RJ ENCARREGADO MANUTENCAO PREDIAL";"PRESIDENCIA";"FINANCEIRO DISTRIBUICAO";""
"2566";"ROS - 441 - SUBGERENTE/LIDER";"VP VAREJO";"OPERACOES VAREJO";""
"2020";"RJ EQUIPE CUSTOS";"PRESIDENCIA";"LOGISTICA";""
"1627";"SPI ENCARREGADO D&E - T3";"PRESIDENCIA";"LOGISTICA";""
"1629";"SUPERINTENDENCIA IND E ASSOCIATIVISMO";"VP COMERCIAL";"VENDAS";""
"2703";"ROS - 380 - SUBGERENTE/LIDER";"VP VAREJO";"OPERACOES LOJAS";""
"2158";"RJ EQUIPE ARMAZENAGEM - T3";"PRESIDENCIA";"LOGISTICA";""
"336";"TRADE MARKETING - RELACIONAMENTO";"VP COMERCIAL";"MARKETING";""
"3040";"TMO - 139 - EQUIPE LOJA";"VP VAREJO";"OPERACOES LOJAS";""
"2065";"GER RTM - REDES E CONTAS";"VP COMERCIAL";"PLANEJAMENTO VENDAS";""
"2235";"MG EQUIPE EXPEDICAO - T2";"PRESIDENCIA";"LOGISTICA";""
"2634";"ROS - 364 - SUBGERENTE/LIDER";"VP VAREJO";"OPERACOES LOJAS";""
"2934";"TMO - 106 - GER FARMACEUTICO/LOJA";"VP VAREJO";"OPERACOES LOJAS";""
"2820";"TMO - 162 - GER FARMACEUTICO/LOJA";"VP VAREJO";"OPERACOES LOJAS";""
"48";"EQUIPE SISTEMAS DISTRIBUICAO 1";"PRESIDENCIA";"TECNOLOGIA INFORMACAO";""
"2552";"ROS - 318 - SUBGERENTE/LIDER";"VP VAREJO";"OPERACOES LOJAS";""
"3109";"DF ENCARREGADO ESTOQUE/ ARMAZENAGEM T3";"PRESIDENCIA";"LOGISTICA";""
"2451";"DML - 43 - EQUIPE LOJA";"VP VAREJO";"OPERACOES LOJAS";""
"2891";"TMO - 102 - SUBGERENTE/LIDER";"VP VAREJO";"OPERACOES LOJAS";""
"3530";"MG BOMBEIRO CIVIL";"PRESIDENCIA";"FINANCEIRO DISTRIBUICAO";""
"3652";"TMO - 223 - GER FARMACEUTICO/LOJA";"VP VAREJO";"OPERACOES LOJAS";""
"2901";"TMO - 143 - SUBGERENTE/LIDER";"VP VAREJO";"OPERACOES LOJAS";""
"3459";"MT ENCARREGADO M&A RECEBIMENTO - T1";"PRESIDENCIA";"LOGISTICA";""
"2958";"TMO - 107 - SUBGERENTE/LIDER";"VP VAREJO";"OPERACOES LOJAS";""
"1810";"MG EQUIPE DEVOLUCAO";"PRESIDENCIA";"FINANCEIRO DISTRIBUICAO";""
"1547";"RJ ENCARREGADO PICKING MEZANINO - T1";"PRESIDENCIA";"LOGISTICA";""
"2430";"DML - 58 - SUBGERENTE";"VP VAREJO";"OPERACOES LOJAS";""
"2389";"DML - 57 - EQUIPE LOJA";"VP VAREJO";"OPERACOES LOJAS";""
"3564";"DML - 635 - EQUIPE LOJA";"VP VAREJO";"OPERACOES LOJAS";""
"3359";"ROS - 331 - SUBGERENTE/LIDER";"VP VAREJO";"OPERACOES LOJAS";""
"103";"COORD FISCAL VAREJO";"VP ESTRATEGIA E FINANCAS";"TRIBUTARIA E FISCAL";""
"1814";"MG EQUIPE MANUTENCAO PREDIAL";"PRESIDENCIA";"FINANCEIRO DISTRIBUICAO";""
"2211";"EQUIPES CONTAS SUL";"VP COMERCIAL";"VENDAS";""
"2729";"ROS - 387 - EQUIPE LOJA";"VP VAREJO";"OPERACOES LOJAS";""
"3580";"COORD GESTAO COMERCIAL 1";"VP SPECIALTY";"VP SPECIALTY";""
"1343";"TRADE MARKETING";"VP COMERCIAL";"MARKETING";""
"2674";"ROS - 339 - GER FARMACEUTICO/LOJA";"VP VAREJO";"OPERACOES LOJAS";""
"1577";"SPC EQUIPE RECEBIMENTO - T1";"PRESIDENCIA";"LOGISTICA";""
"2007";"SUPPLY CHAIN GRANDES CONTAS";"PRESIDENCIA";"SUPPLY CHAIN";""
"31";"GER GESTAO SERVICOS";"PRESIDENCIA";"ADMINISTRATIVO FINANCEIRA";""
"3502";"SPC EQUIPE M&A QUALIDADE - T3";"PRESIDENCIA";"LOGISTICA";""
"1552";"RJ EQUIPE ABASTECIMENTO - T3";"PRESIDENCIA";"LOGISTICA";""
"3787";"TMO - 236 - EQUIPE LOJA";"VP VAREJO";"OPERACOES LOJAS";""
"204";"COORD PROJETOS VAREJO 1";"VP VAREJO";"OPERACOES VAREJO";""
"2583";"ROS - 349 - EQUIPE LOJA";"VP VAREJO";"OPERACOES VAREJO";""
"3313";"ES ENCARREGADO CRDK NOT - 02";"PRESIDENCIA";"LOGISTICA";""
"3506";"EQUIPE CALL CENTER RJ 4";"VP VAREJO";"OPERACOES VAREJO";""
"1771";"PR EQUIPE FATURAMENTO";"PRESIDENCIA";"LOGISTICA";""
"189";"GER REGIONAL DML/FML 2";"VP VAREJO";"OPERACOES LOJAS";""
"187";"GER OPERACAO NOVAS LOJAS";"VP VAREJO";"OPERACOES VAREJO";""
"2377";"DML - 617 - SUBGERENTE";"VP VAREJO";"OPERACOES LOJAS";""
"2462";"DML - 78 - EQUIPE LOJA";"VP VAREJO";"OPERACOES LOJAS";""
"1796";"MG EQUIPE PRODUCAO - T1";"PRESIDENCIA";"LOGISTICA";""
"1664";"SUP MG SUL 2";"VP COMERCIAL";"VENDAS";""
"2187";"EQUIPE ADMINISTRACAO DE PESSOAL - SAUDE OCUPACIONAL";"PRESIDENCIA";"ADMINISTRATIVO FINANCEIRA";""
"2636";"ROS - 373 - SUBGERENTE/LIDER";"VP VAREJO";"OPERACOES LOJAS";""
"2286";"DML - 601 - EQUIPE LOJA";"VP VAREJO";"OPERACOES LOJAS";""
"3357";"DML - 72 - SUBGERENTE";"VP VAREJO";"OPERACOES VAREJO";""
"2510";"DML - 38 - EQUIPE LOJA";"VP VAREJO";"OPERACOES LOJAS";""
"25";"EQUIPE PROJETOS TI";"PRESIDENCIA";"TECNOLOGIA INFORMACAO";""
"3764";"SPC EQUIPE GPP E GR SPECIALTY";"PRESIDENCIA";"FINANCEIRO DISTRIBUICAO";""
"2457";"DML - 66 - EQUIPE LOJA";"VP VAREJO";"OPERACOES LOJAS";""
"2072";"CANAIS EQUIPES";"VP COMERCIAL";"PLANEJAMENTO DE VENDAS";""
"2738";"ROS - 402 - GER FARMACEUTICO/LOJA";"VP VAREJO";"OPERACOES LOJAS";""
"3181";"EQUIPE GOVERNANCA VAREJO";"VP VAREJO";"VP VAREJO";""
"2790";"ROS - 384 - SUBGERENTE/LIDER";"VP VAREJO";"OPERACOES LOJAS";""
"1499";"SUP CONTAS ES";"VP COMERCIAL";"VENDAS";""
"2743";"ROS - 310 - SUBGERENTE/LIDER";"VP VAREJO";"OPERACOES LOJAS";""
"3688";"PR GER OPERACOES";"PRESIDENCIA ";"LOGISTICA";""
"352";"GER CONTAS NACIONAIS";"VP COMERCIAL";"VENDAS";""
"2359";"DML - 69 - GER FARMACEUTICO/LOJA";"VP VAREJO";"OPERACOES VAREJO";""
"2166";"RJ ENCARREGADO CRDK - T1";"PRESIDENCIA";"LOGISTICA";""
"2942";"TMO - 127 - GER FARMACEUTICO/LOJA";"VP VAREJO";"OPERACOES LOJAS";""
"3232";"COORD SISTEMA DISTRIBUICAO 2";"PRESIDENCIA";"TECNOLOGIA INFORMACAO";""
"1820";"MG EQUIPE D&E - T3";"PRESIDENCIA";"LOGISTICA";""
"3002";"TMO - 131 - GER FARMACEUTICO/LOJA";"VP VAREJO";"OPERACOES LOJAS";""
"1970";"EQUIPES BA 4";"VP COMERCIAL";"VENDAS";""
"151";"GER IM/GC";"PRESIDENCIA";"SUPPLY CHAIN";""
"3378";"TMO - 222 - SUBGERENTE/LIDER";"VP VAREJO";"OPERACOES LOJAS";""
"2027";"EQUIPE PLANEJAMENTO FINANCEIRO DIST";"PRESIDENCIA";"FINANCEIRO DISTRIBUICAO";""
"2143";"SUP CONTAS SUL";"VP COMERCIAL";"VENDAS";""
"3756";"TMO - 235 - SUBGERENTE/LIDER";"VP VAREJO";"OPERACOES LOJAS";""
"3393";"ROS - 337 - EQUIPE LOJA";"VP VAREJO";"OPERACOES LOJAS";""
"2074";"NEGOCIACAO DE VENDAS EQUIPES";"VP COMERCIAL";"PLANEJAMENTO VENDAS";""
"1672";"SUP SPI 3";"VP COMERCIAL";"VENDAS";""
"3382";"DML - 628 - EQUIPE LOJA";"VP VAREJO";"OPERACOES LOJAS";""
"2366";"DML - 30 - SUBGERENTE";"VP VAREJO";"OPERACOES VAREJO";""
"2150";"SUP REDES RJ";"VP COMERCIAL";"VENDAS";""
"3485";"ENCARREGADO RJ 3";"VP VAREJO";"OPERACOES LOJAS";""
"3078";"TMO - 151 - SUBGERENTE/LIDER";"VP VAREJO";"OPERACOES LOJAS";""
"2940";"TMO - 121 - GER FARMACEUTICO/LOJA";"VP VAREJO";"OPERACOES LOJAS";""
"23";"COORD SISTEMAS GRUPO 1";"PRESIDENCIA";"TECNOLOGIA INFORMACAO";""
"3157";"DML - 48 - EQUIPE LOJA";"VP VAREJO";"OPERACOES LOJAS";""
"2288";"DML - 612 - EQUIPE LOJA";"VP VAREJO";"OPERACOES LOJAS";""
"2411";"DML - 72 - GER FARMACEUTICO/LOJA";"VP VAREJO";"OPERACOES LOJAS";""
"1940";"EQUIPES SC 2";"VP COMERCIAL";"VENDAS";""
"171";"GER HB/OTC TRADE MARKETING";"VP VAREJO";"COMERCIAL VAREJO";""
"180";"GER EXPANSAO";"VP VAREJO";"OPERACOES VAREJO";""
"1467";"FINANCEIRA DISTRIBUICAO RECEBIVEIS/COBRANCA/BLOQ";"PRESIDENCIA";"FINANCEIRO DISTRIBUICAO";""
"1637";"GER DIVISIONAL SP";"VP COMERCIAL";"VENDAS";""
"3233";"DF SUP M&A";"PRESIDENCIA";"LOGISTICA";""
"1987";"PR - ASSOCIATIVISMO";"VP COMERCIAL";"VENDAS";""
"2668";"ROS - 313 - GER FARMACEUTICO/LOJA";"VP VAREJO";"OPERACOES LOJAS";""
"2126";"EQUIPE MG SUL 2";"VP COMERCIAL";"VENDAS";""
"3091";"TMO - 134 - EQUIPE LOJA";"VP VAREJO";"OPERACOES LOJAS";""
"2401";"DML - 43 - GER FARMACEUTICO/LOJA";"VP VAREJO";"OPERACOES LOJAS";""
"2213";"EQUIPES REDES PB";"VP COMERCIAL";"VENDAS";""
"2015";"DF EQUIPE D&E TRANSPORTE";"PRESIDENCIA";"LOGISTICA";""
"2582";"ROS - 348 - EQUIPE LOJA";"VP VAREJO";"OPERACOES LOJAS";""
"2120";"EQUIPE RJ";"VP COMERCIAL";"VENDAS";""
"198";"GER REGIONAL TMO 3";"VP VAREJO";"OPERACOES LOJAS";""
"2509";"DML - 36 - EQUIPE LOJA";"VP VAREJO";"OPERACOES LOJAS";""
"3302";"MT EQUIPE CGG";"PRESIDENCIA";"CULTURA E GESTAO DE GENTE";""
"2623";"ROS - 335 - SUBGERENTE/LIDER";"VP VAREJO";"OPERACOES VAREJO";""
"2717";"ROS - 321 - EQUIPE LOJA";"VP VAREJO";"OPERACOES LOJAS";""
"2221";"GO EQUIPE ADM CRDK";"PRESIDENCIA";"LOGISTICA";""
"1452";"COORD SUPPLY CHAIN GRANDES CONTAS COMERCIAL";"PRESIDENCIA";"SUPPLY CHAIN";""
"1988";"RJ - EMS";"VP COMERCIAL";"VENDAS";""
"2970";"TMO - 149 - SUBGERENTE/LIDER";"VP VAREJO";"OPERACOES LOJAS";""
"3227";"EQUIPE REDES PE/PB/AL";"VP COMERCIAL";"VENDAS";""
"2222";"GO EQUIPE CRDK";"PRESIDENCIA";"LOGISTICA";""
"2504";"DML - 14 - EQUIPE LOJA";"VP VAREJO";"OPERACOES LOJAS";""
"122";"COORD REMUNERACAO";"PRESIDENCIA";"CULTURA E GESTAO DE GENTE";""
"2502";"DML - 622 - SUBGERENTE";"VP VAREJO";"OPERACOES VAREJO";""
"1725";"DF EQUIPE PICKING - T3";"PRESIDENCIA";"LOGISTICA";""
"1950";"EQUIPES RJ 2";"VP COMERCIAL";"VENDAS";""
"3737";"TMO - 232 - SUBGERENTE";"VP VAREJO";"OPERACOES LOJAS";""
"3124";"DML - 628 - GER FARMACEUTICO/LOJA";"VP VAREJO";"OPERACOES VAREJO";""
"3009";"TMO - 163 - GER FARMACEUTICO/LOJA";"VP VAREJO";"OPERACOES LOJAS";""
"3518";"GER SEGURANCA DA INFORMACAO";"PRESIDENCIA";"TECNOLOGIA INFORMACAO";""
"3330";"ROS - 331 - GER FARMACEUTICO/LOJA";"VP VAREJO";"OPERACOES LOJAS";""
"2953";"TMO - 190 - GER FARMACEUTICO/LOJA";"VP VAREJO";"OPERACOES LOJAS";""
"3346";"ROS - 414 - GER FARMACEUTICO/LOJA";"VP VAREJO";"OPERACOES LOJAS";""
"3171";"DML - 626 - EQUIPE LOJA";"VP VAREJO";"OPERACOES VAREJO";""
"3401";"ROS - 407 - EQUIPE LOJA";"VP VAREJO";"OPERACOES LOJAS";""
"2841";"TMO - 164 - SUBGERENTE/LIDER";"VP VAREJO";"OPERACOES LOJAS";""
"212";"EQUIPE GC";"PRESIDENCIA";"SUPPLY CHAIN VAREJO";""
"3578";"GER COMERCIAL DERMATO SPECIALTY";"VP SPECIALTY";"VP SPECIALTY";""
"2950";"TMO - 182 - GER FARMACEUTICO/LOJA";"VP VAREJO";"OPERACOES LOJAS";""
"3274";"GER REGIONAL OPERACOES SUL";"PRESIDENCIA";"LOGISTICA";""
"2097";"SUP CONTAS MG 2";"VP COMERCIAL";"VENDAS";""
"1817";"MG ENCARREGADO D&E - T1";"PRESIDENCIA";"LOGISTICA";""
"166";"EQUIPE CRM";"VP VAREJO";"MARKETING VAREJO";""
"3392";"ROS - 324 - EQUIPE LOJA";"VP VAREJO";"OPERACOES LOJAS";""
"3149";"ROS - 324 - SUBGERENTE/LIDER";"VP VAREJO";"OPERACOES VAREJO";""
"3216";"GER NOVAS LOJAS";"VP VAREJO";"OPERACOES VAREJO";""
"1836";"AL SUP M&A";"PRESIDENCIA";"LOGISTICA";""
"3415";"TMO - EQUIPE NOVAS LOJAS";"VP VAREJO";"OPERACOES VAREJO";""
"3258";"MG EQUIPE PICKING - T3";"PRESIDENCIA";"LOGISTICA";""
"2854";"TMO - 115 - EQUIPE LOJA";"VP VAREJO";"OPERACOES LOJAS";""
"2695";"ROS - 328 - SUBGERENTE/LIDER";"VP VAREJO";"OPERACOES LOJAS";""
"3555";"GER MEX";"VP VAREJO";"MARKETING VAREJO";""
"3619";"TMO - 135 - GER FARMACEUTICO/LOJA";"VP VAREJO";"OPERACOES LOJAS";""
"1573";"SPC EQUIPE M&A QUALIDADE";"PRESIDENCIA";"LOGISTICA";""
"3712";"ESPEC. CANAIS DIGITAIS";"VP COMERCIAL";"MARKETING";""
"2493";"DML - 38 - SUBGERENTE";"VP VAREJO";"OPERACOES LOJAS";""
"3644";"TMO - 227 - GER FARMACEUTICO/LOJA";"VP VAREJO";"OPERACOES LOJAS";""
"2574";"ROS - 314 - EQUIPE LOJA";"VP VAREJO";"OPERACOES LOJAS";""
"2025";"ENCARREGADO PEDIDO ELETRONICO CD";"VP COMERCIAL";"MARKETING";""
"3055";"TMO - 126 - GER FARMACEUTICO/LOJA";"VP VAREJO";"OPERACOES LOJAS";""
"3334";"ROS - 324 - GER FARMACEUTICO/LOJA";"VP VAREJO";"OPERACOES LOJAS";""
"2119";"EQUIPE SPI";"VP COMERCIAL";"VENDAS";""
"2778";"ROS - 334 - SUBGERENTE/LIDER";"VP VAREJO";"OPERACOES LOJAS";""
"3744";"ROS - 474 - SUBGERENTE/LIDER";"VP VAREJO";"OPERACOES LOJAS";""
"2544";"ROS - 448 - GER FARMACEUTICO/LOJA";"VP VAREJO";"OPERACOES VAREJO";""
"1723";"DF EQUIPE LINHA 3 - T1";"PRESIDENCIA";"LOGISTICA";""
"1470";"SUP BLOQ";"PRESIDENCIA";"FINANCEIRO DISTRIBUICAO";""
"3074";"TMO - 132 - SUBGERENTE/LIDER";"VP VAREJO";"OPERACOES LOJAS";""
"130";"COORD BP VP CORPORATIVA";"PRESIDENCIA";"CULTURA E GESTAO DE GENTE";""
"3366";"ROS - 469 - SUBGERENTE/LIDER";"VP VAREJO";"OPERACOES LOJAS";""
"1445";"EQUIPES SPC 7";"VP COMERCIAL";"VENDAS";""
"1782";"PR ENCARREGADO CONFERENCIA - T3";"PRESIDENCIA";"LOGISTICA";""
"1510";"EQUIPE AUTOMACAO CD RJ";"PRESIDENCIA";"LOGISTICA";""
"2053";"EQUIPES MT 2";"VP COMERCIAL";"VENDAS";""
"2897";"TMO - 127 - SUBGERENTE/LIDER";"VP VAREJO";"OPERACOES VAREJO";""
"2524";"ROS - 314 - GER FARMACEUTICO/LOJA";"VP VAREJO";"OPERACOES LOJAS";""
"2274";"DML - 80 - SUBGERENTE";"VP VAREJO";"OPERACOES LOJAS";""
"2469";"DML - 10 - GER FARMACEUTICO/LOJA";"VP VAREJO";"OPERACOES LOJAS";""
"3156";"DML - 54 - EQUIPE LOJA";"VP VAREJO";"OPERACOES LOJAS";""
"3509";"DML - 632 - EQUIPE LOJA";"VP VAREJO";"OPERACOES LOJAS";""
"2604";"ROS - 349 - GER FARMACEUTICO/LOJA";"VP VAREJO";"OPERACOES LOJAS";""
"2393";"DML - 617 - EQUIPE LOJA";"VP VAREJO";"OPERACOES LOJAS";""
"1442";"RJ SUP CGG";"PRESIDENCIA";"CULTURA E GESTAO DE GENTE";""
"1879";"BA EQUIPE RECEBIMENTO/ARMAZENAGEM - T1";"PRESIDENCIA";"LOGISTICA";""
"3123";"DML - 625 - GER FARMACEUTICO/LOJA";"VP VAREJO";"OPERACOES VAREJO";""
"1681";"SUP PE 2";"VP COMERCIAL";"VENDAS";""
"2153";"EQUIPE CONTAS BA";"VP COMERCIAL";"VENDAS";""
"1984";"CONTAS ES";"VP COMERCIAL";"VENDAS";""
"51";"DIRETORIA AUDITORIA E COMPLIANCE";"PRESIDENCIA";"AUDITORIA E COMPLIANCE";""
"1831";"PE EQUIPE M&A - T1";"PRESIDENCIA";"LOGISTICA";""
"2409";"DML - 71 - GER FARMACEUTICO/LOJA";"VP VAREJO";"OPERACOES LOJAS";""
"3643";"ROS - 397 - EQUIPE LOJA";"VP VAREJO";"OPERACOES LOJAS";""
"3511";"SPI ENCARREGADO GPP";"PRESIDENCIA";"FINANCEIRO DISTRIBUICAO";""
"138";"EQUIPE DESENVOLVIMENTO ORGANIZACIONAL";"PRESIDENCIA";"CULTURA E GESTAO DE GENTE";""
"3484";"ENCARREGADO RJ 2";"VP VAREJO";"OPERACOES LOJAS";""
"3068";"TMO - 183 - GER FARMACEUTICO/LOJA";"VP VAREJO";"OPERACOES LOJAS";""
"47";"GER PLANEJAMENTO COMERCIAL";"VP COMERCIAL";"COMERCIAL";""
"172";"COORD HB/OTC TRADE MARKETING";"VP VAREJO";"COMERCIAL VAREJO";""
"195";"GER REGIONAL ROS 4";"VP VAREJO";"OPERACOES LOJAS";""
"1647";"SUP SC 2";"VP COMERCIAL";"VENDAS";""
"3762";"RJ EQUIPE GPP E GR SPECIALTY";"PRESIDENCIA";"FINANCEIRO DISTRIBUICAO";""
"3500";"EQUIPE SUPERINTENDENCIA BP VAREJO";"PRESIDENCIA";"CULTURA E GESTAO DE GENTE";""
"3525";"SPI BOMBEIRO CIVIL";"PRESIDENCIA";"FINANCEIRO DISTRIBUICAO";""
"3042";"TMO - 152 - EQUIPE LOJA";"VP VAREJO";"OPERACOES LOJAS";""
"2589";"ROS - 381 - EQUIPE LOJA";"VP VAREJO";"OPERACOES LOJAS";""
"3073";"TMO - 130 - SUBGERENTE/LIDER";"VP VAREJO";"OPERACOES LOJAS";""
"2898";"TMO - 135 - SUBGERENTE/LIDER";"VP VAREJO";"OPERACOES VAREJO";""
"2087";"SUP SERVICE DESK";"PRESIDENCIA";"TECNOLOGIA INFORMACAO";""
"26";"RJ EQUIPE ADMINISTRATIVO";"PRESIDENCIA";"FINANCEIRO DISTRIBUICAO";""
"2762";"ROS - 340 - GER FARMACEUTICO/LOJA";"VP VAREJO";"OPERACOES LOJAS";""
"2021";"CADASTRO CONDICOES COMERCIAIS EQUIPE";"VP COMERCIAL";"PLANEJAMENTO DE VENDAS";""
"3287";"EQUIPES ANALISTAS CDs";"VP COMERCIAL";"VENDAS";""
"2788";"ROS - 375 - SUBGERENTE/LIDER";"VP VAREJO";"OPERACOES VAREJO";""
"2832";"TMO - 108 - SUBGERENTE/LIDER";"VP VAREJO";"OPERACOES LOJAS";""
"3213";"EQUIPE SELL OUT 3";"VP VAREJO";"COMERCIAL VAREJO";""
"1961";"EQUIPES SPC 4";"VP COMERCIAL";"VENDAS";""
"2837";"TMO - 138 - SUBGERENTE/LIDER";"VP VAREJO";"OPERACOES VAREJO";""
"2316";"DML - 63 - SUBGERENTE";"VP VAREJO";"OPERACOES LOJAS";""
"137";"EQUIPE COORD ATRACAO SELECAO VAREJO";"PRESIDENCIA";"CULTURA E GESTAO DE GENTE";""
"1581";"SPC EQUIPE FACILITIES";"PRESIDENCIA";"FINANCEIRO DISTRIBUICAO";""
"2579";"ROS - 327 - EQUIPE LOJA";"VP VAREJO";"OPERACOES LOJAS";""
"3229";"DF ENCARREGADO ESTOQUE/ ARMAZENAGEM T3";"PRESIDENCIA";"LOGISTICA";""
"2357";"DML - 57 - GER FARMACEUTICO/LOJA";"VP VAREJO";"OPERACOES LOJAS";""
"2001";"EQUIPES RS 3";"VP COMERCIAL";"VENDAS";""
"2804";"ROS - 365 - EQUIPE LOJA";"VP VAREJO";"OPERACOES LOJAS";""
"3716";"EQUIPE DBA";"PRESIDENCIA";"TECNOLOGIA INFORMACAO";""
"1978";"CONTAS NACIONAIS";"VP COMERCIAL";"VENDAS";""
"2470";"DML - 14 - GER FARMACEUTICO/LOJA";"VP VAREJO";"OPERACOES LOJAS";""
"2699";"ROS - 346 - SUBGERENTE/LIDER";"VP VAREJO";"OPERACOES LOJAS";""
"1493";"SUP CONTAS PR";"VP COMERCIAL";"VENDAS";""
"3423";"EQUIPE SISTEMAS VAREJO 2";"PRESIDENCIA";"TECNOLOGIA INFORMACAO";""
"3406";"TMO - 191 - EQUIPE LOJA";"VP VAREJO";"OPERACOES LOJAS";""
"2012";"RN EQUIPE GPP";"PRESIDENCIA";"LOGISTICA";""
"1553";"RJ ENCARREGADO ABASTECIMENTO - T1";"PRESIDENCIA";"LOGISTICA";""
"1804";"MG EQUIPE CONFERENCIA - T3";"PRESIDENCIA";"LOGISTICA";""
"2353";"DML - 41 - GER FARMACEUTICO/LOJA";"VP VAREJO";"OPERACOES LOJAS";""
"3207";"HCS BUFFER SUBS LOJAS";"VP VAREJO";"OPERACOES VAREJO";""
"3077";"TMO - 141 - SUBGERENTE/LIDER";"VP VAREJO";"OPERACOES LOJAS";""
"3174";"ROS - 464 - EQUIPE LOJA";"VP VAREJO";"OPERACOES VAREJO";""
"1642";"GER PE/AL/PB/RN";"VP COMERCIAL";"VENDAS";""
"3098";"TMO - 180 - EQUIPE LOJA";"VP VAREJO";"OPERACOES LOJAS";""
"2730";"ROS - 393 - EQUIPE LOJA";"VP VAREJO";"OPERACOES LOJAS";""
"244";"COMERCIAL NAO MEDICAMENTOS";"VP COMERCIAL";"COMERCIAL";""
"3026";"TMO - 155 - SUBGERENTE/LIDER";"VP VAREJO";"OPERACOES LOJAS";""
"2076";"GESTAO COMERCIAL EQUIPES";"VP COMERCIAL";"PLANEJAMENTO DE VENDAS";""
"342";"GER CALL CENTER";"VP COMERCIAL";"VENDAS";""
"1888";"BA EQUIPE D&E TRANSPORTE";"PRESIDENCIA";"LOGISTICA";""
"3498";"ROS - 473 - EQUIPE LOJA";"VP VAREJO";"OPERACOES VAREJO";""
"1875";"PB EQUIPE ARMAZENAGEM - T1";"PRESIDENCIA";"LOGISTICA";""
"2559";"ROS - 351 - SUBGERENTE/LIDER";"VP VAREJO";"OPERACOES LOJAS";""
"1776";"PR ENCARREGADO ABASTECIMENTO/PRODUCAO - T1";"PRESIDENCIA";"LOGISTICA";""
"3621";"TMO - 135 - EQUIPE LOJA";"VP VAREJO";"OPERACOES LOJAS";""
"155";"GER CRM";"VP VAREJO";"MARKETING VAREJO";""
"1462";"COORD CONSOLIDACAO";"PRESIDENCIA";"FINANCEIRO DISTRIBUICAO";""
"3363";"ROS - 324 - SUBGERENTE/LIDER";"VP VAREJO";"OPERACOES LOJAS";""
"102";"COORD CONTABIL VAREJO";"PRESIDENCIA";"FINANCEIRO VAREJO";""
"1477";"GER GPP E GR";"PRESIDENCIA";"FINANCEIRO DISTRIBUICAO";""
"200";"GER REGIONAL TMO 5";"VP VAREJO";"OPERACOES LOJAS";""
"1349";"EQUIPE GOVERNANCA E CONTROLE";"PRESIDENCIA";"LOGISTICA";""
"2192";"RJ EQUIPE GPP (REPORT ENC)";"PRESIDENCIA";"FINANCEIRO DISTRIBUICAO";""
"1686";"SUP RS - ASSOCIATIVISMO";"VP COMERCIAL";"VENDAS";""
"2676";"ROS - 350 - GER FARMACEUTICO/LOJA";"VP VAREJO";"OPERACOES LOJAS";""
"3029";"TMO - 167 - SUBGERENTE/LIDER";"VP VAREJO";"OPERACOES LOJAS";""
"49";"GER TI SPECIALTY";"PRESIDENCIA";"TECNOLOGIA INFORMACAO";""
"1918";"ES EQUIPE MANUTENCAO PREDIAL";"PRESIDENCIA";"FINANCEIRO DISTRIBUICAO";""
"3797";"ROS - 385 - SUBGERENTE/LIDER";"VP VAREJO";"OPERACOES LOJAS";""
"2252";"DML - 603 - GER FARMACEUTICO/LOJA";"VP VAREJO";"OPERACOES VAREJO";""
"428";"SPC ENCARREGADO RECONFERENCIA - T2";"PRESIDENCIA";"LOGISTICA";""
"2093";"RJ COORD TORRE DE CONTROLE";"PRESIDENCIA";"LOGISTICA";""
"2522";"ROS - 305 - GER FARMACEUTICO/LOJA";"VP VAREJO";"OPERACOES LOJAS";""
"3264";"CONSELHO";"CONSELHO";"CONSELHO";""
"2629";"ROS - 353 - SUBGERENTE/LIDER";"VP VAREJO";"OPERACOES LOJAS";""
"2840";"TMO - 162 - SUBGERENTE/LIDER";"VP VAREJO";"OPERACOES LOJAS";""
"2265";"DML - 74 - GER FARMACEUTICO/LOJA";"VP VAREJO";"OPERACOES LOJAS";""
"1864";"PB EQUIPE M&A";"PRESIDENCIA";"LOGISTICA";""
"3394";"ROS - 370 - EQUIPE LOJA";"VP VAREJO";"OPERACOES LOJAS";""
"2128";"GER COMUNICACAO INSTITUCIONAL";"PRESIDENCIA";"CULTURA E GESTAO DE GENTE";""
"2244";"EQUIPE NE - ASSOC / IND";"VP COMERCIAL";"VENDAS";""
"3067";"TMO - 181 - GER FARMACEUTICO/LOJA";"VP VAREJO";"OPERACOES LOJAS";""
"3211";"EQUIPE SELL OUT 1";"VP VAREJO";"COMERCIAL VAREJO";""
"206";"SUP CALL CENTER RJ VAREJO";"VP VAREJO";"OPERACOES LOJAS";""
"2982";"TMO - 112 - EQUIPE LOJA";"VP VAREJO";"OPERACOES LOJAS";""
"2466";"DML - 620 - EQUIPE LOJA";"VP VAREJO";"OPERACOES VAREJO";""
"1610";"SPI ENCARREGADO LINHA 3/ABASTECIMENTO - T3";"PRESIDENCIA";"LOGISTICA";""
"1673";"SUP SPI 4";"VP COMERCIAL";"VENDAS";""
"2733";"ROS - 442 - EQUIPE LOJA";"VP VAREJO";"OPERACOES VAREJO";""
"3201";"GER SUPRIMENTOS VAREJO";"PRESIDENCIA";"FINANCEIRO VAREJO";""
"3477";"EQUIPE PLANEJAMENTO FINANCEIRO VAREJO 2";"PRESIDENCIA";"FINANCEIRO VAREJO";""
"1479";"RJ SUP GPP";"PRESIDENCIA";"FINANCEIRO DISTRIBUICAO";""
"3421";"COORD SISTEMAS VAREJO 2";"PRESIDENCIA";"TECNOLOGIA INFORMACAO";""
"2853";"TMO - 109 - EQUIPE LOJA";"VP VAREJO";"OPERACOES LOJAS";""
"2124";"SUP MG 2";"VP COMERCIAL";"VENDAS";""
"3050";"TMO - 179 - EQUIPE LOJA";"VP VAREJO";"OPERACOES LOJAS";""
"1922";"ES EQUIPE M&A - T3";"PRESIDENCIA";"LOGISTICA";""
"3069";"TMO - 196 - GER FARMACEUTICO/LOJA";"VP VAREJO";"OPERACOES LOJAS";""
"2134";"EQUIPE MT VENDAS";"VP COMERCIAL";"VENDAS";""
"2428";"DML - 44 - SUBGERENTE";"VP VAREJO";"OPERACOES VAREJO";""
"3751";"EQUIPE COBRANÇA SPECIALTY";"PRESIDENCIA";"FINANCEIRO DISTRIBUICAO";""
"1710";"GO ENCARREGADO D&E - T3";"PRESIDENCIA";"LOGISTICA";""
"2606";"ROS - 353 - GER FARMACEUTICO/LOJA";"VP VAREJO";"OPERACOES LOJAS";""
"1737";"DF EQUIPE DEVOLUCAO VAREJO";"PRESIDENCIA";"LOGISTICA";""
"1409";"GER H1, H2 e H3";"PRESIDENCIA";"INOVACAO";""
"1594";"SPC ENCARREGADO CRDK/FOB - T1";"PRESIDENCIA";"LOGISTICA";""
"1925";"ES EQUIPE D&E - T1";"PRESIDENCIA";"LOGISTICA";""
"3158";"DML - 51 - EQUIPE LOJA";"VP VAREJO";"OPERACOES LOJAS";""
"2052";"EQUIPES MT 1";"VP COMERCIAL";"VENDAS";""
"1917";"ES EQUIPE GR";"PRESIDENCIA";"LOGISTICA";""
"2";"VP CORPORATIVA";"PRESIDENCIA";"PRESIDENCIA";""
"2413";"DML - 94 - GER FARMACEUTICO/LOJA";"VP VAREJO";"OPERACOES LOJAS";""
"2910";"TMO - 995 - SUBGERENTE/LIDER";"VP VAREJO";"OPERACOES LOJAS";""
"2121";"EQUIPE MG";"VP COMERCIAL";"VENDAS";""
"1919";"ES ENCARREGADO M&A - T1";"PRESIDENCIA";"LOGISTICA";""
"1935";"ES EQUIPE CRDK M&A  - T1";"PRESIDENCIA";"LOGISTICA";""
"3657";"RJ ENC SPECIALTY";"VP SPECIALTY";"VP SPECIALTY";""
"2643";"ROS - 317 - EQUIPE LOJA";"VP VAREJO";"OPERACOES LOJAS";""
"1346";"GER PROJETOS LOGISTICOS";"PRESIDENCIA";"LOGISTICA";""
"3501";"RJ ENCARREGADO COBRANCA";"PRESIDENCIA";"FINANCEIRO DISTRIBUICAO";""
"3071";"TMO - 126 - SUBGERENTE/LIDER";"VP VAREJO";"OPERACOES LOJAS";""
"2558";"ROS - 349 - SUBGERENTE/LIDER";"VP VAREJO";"OPERACOES VAREJO";""
"2486";"DML - 10 - SUBGERENTE";"VP VAREJO";"OPERACOES LOJAS";""
"3773";"DF EQUIPE CRDK";"PRESIDENCIA";"LOGISTICA";""
"1971";"EQUIPES SE";"VP COMERCIAL";"VENDAS";""
"1748";"RS EQUIPE BLOQ";"PRESIDENCIA";"LOGISTICA";""
"2270";"DML - 601 - GER FARMACEUTICO/LOJA";"VP VAREJO";"OPERACOES LOJAS";""
"1783";"PR EQUIPE CONFERENCIA - T3";"PRESIDENCIA";"LOGISTICA";""
"2709";"ROS - 442 - SUBGERENTE/LIDER";"VP VAREJO";"OPERACOES VAREJO";""
"1614";"SPI EQUIPE FACILITIES";"PRESIDENCIA";"FINANCEIRO DISTRIBUICAO";""
"3260";"VEND ASSOC - SPI";"VP COMERCIAL";"VENDAS";""
"1466";"GER CREDITO E COBRANCA";"PRESIDENCIA";"FINANCEIRO DISTRIBUICAO";""
"1636";"GER MG";"VP COMERCIAL";"VENDAS";""
"2866";"TMO - 186 - EQUIPE LOJA";"VP VAREJO";"OPERACOES LOJAS";""
"1834";"PE ENCARREGADO M&A - T3";"PRESIDENCIA";"LOGISTICA";""
"1555";"RJ ENCARREGADO ARMAZENAGEM - T2";"PRESIDENCIA";"LOGISTICA";""
"3772";"ROS - 476 - EQUIPE LOJA";"VP VAREJO";"OPERACOES LOJAS";""
"2492";"DML - 36 - SUBGERENTE";"VP VAREJO";"OPERACOES LOJAS";""
"1799";"MG ENCARREGADO PRODUCAO - T3";"PRESIDENCIA";"LOGISTICA";""
"2745";"ROS - 402 - SUBGERENTE/LIDER";"VP VAREJO";"OPERACOES LOJAS";""
"3757";"TMO - 235 - EQUIPE LOJA";"VP VAREJO";"OPERACOES LOJAS";""
"1941";"EQUIPES REDES SUL 2";"VP COMERCIAL";"VENDAS";""
"1356";"COORD PLANEJAMENTO LOGISTICO (CRDK/FOB)";"PRESIDENCIA";"LOGISTICA";""
"3319";"ES ENCARREGADO M&A - EQUIPE 02";"PRESIDENCIA";"LOGISTICA";""
"2564";"ROS - 381 - SUBGERENTE/LIDER";"VP VAREJO";"OPERACOES LOJAS";""
"3628";"EQUIPE ADMINISTRACAO DE PESSOAL";"PRESIDENCIA";"ADMINISTRATIVO FINANCEIRA";""
"2858";"TMO - 144 - EQUIPE LOJA";"VP VAREJO";"OPERACOES LOJAS";""
"3182";"GER CONSULTORIA PROJETO";"PRESIDENCIA";"PRESIDENCIA";""
"2887";"TMO - 172 - GER FARMACEUTICO/LOJA";"VP VAREJO";"OPERACOES LOJAS";""
"2228";"SPC SUP M&A - T1 E T2";"PRESIDENCIA";"LOGISTICA";""
"2175";"EQUIPE HBN RJ";"VP COMERCIAL";"PLANEJAMENTO DE VENDAS";""
"2967";"TMO - 137 - SUBGERENTE/LIDER";"VP VAREJO";"OPERACOES LOJAS";""
"2364";"DML - 13 - SUBGERENTE";"VP VAREJO";"OPERACOES LOJAS";""
"213";"COORD CANAIS DIGITAIS";"VP VAREJO";"COMERCIAL VAREJO";""
"2184";"SPC ENCARREGADO GEO/QUALIDADE - T1";"PRESIDENCIA";"LOGISTICA";""
"1469";"EQUIPE RECEBIVEIS";"PRESIDENCIA";"FINANCEIRO DISTRIBUICAO";""
"2734";"ROS - 445 - EQUIPE LOJA";"VP VAREJO";"OPERACOES VAREJO";""
"2385";"DML - 41 - EQUIPE LOJA";"VP VAREJO";"OPERACOES LOJAS";""
"2082";"GER REGIONAL MT";"PRESIDENCIA";"LOGISTICA";""
"1600";"SPI EQUIPE ABASTECIMENTO - T1";"PRESIDENCIA";"LOGISTICA";""
"2664";"ROS - 306 - GER FARMACEUTICO/LOJA";"VP VAREJO";"OPERACOES LOJAS";""
"3350";"DML - 625 - SUBGERENTE";"VP VAREJO";"OPERACOES LOJAS";""
"360";"RJ GER OPERACOES M&A";"PRESIDENCIA";"LOGISTICA";""
"3349";"TMO - 222 - GER FARMACEUTICO/LOJA";"VP VAREJO";"OPERACOES LOJAS";""
"182";"GER MANUTENCAO";"VP VAREJO";"OPERACOES VAREJO";""
"2923";"TMO - 146 - EQUIPE LOJA";"VP VAREJO";"OPERACOES LOJAS";""
"1545";"RJ ENCARREGADO CONFERENCIA - T3";"PRESIDENCIA";"LOGISTICA";""
"2692";"ROS - 313 - SUBGERENTE/LIDER";"VP VAREJO";"OPERACOES LOJAS";""
"1932";"ES ENCARREGADO CRDK - T3";"PRESIDENCIA";"LOGISTICA";""
"2912";"TMO - 103 - EQUIPE LOJA";"VP VAREJO";"OPERACOES VAREJO";""
"2708";"ROS - 441 - SUBGERENTE/LIDER";"VP VAREJO";"OPERACOES LOJAS";""
"1747";"RS EQUIPE FACILITIES";"PRESIDENCIA";"FINANCEIRO DISTRIBUICAO";""
"1818";"MG EQUIPE D&E - T1";"PRESIDENCIA";"LOGISTICA";""
"1599";"SPI ENCARREGADO ABASTECIMENTO - T1";"PRESIDENCIA";"LOGISTICA";""
"2526";"ROS - 316 - GER FARMACEUTICO/LOJA";"VP VAREJO";"OPERACOES LOJAS";""
"2928";"TMO - 177 - EQUIPE LOJA";"VP VAREJO";"OPERACOES LOJAS";""
"2263";"DML - 97 - EQUIPE LOJA";"VP VAREJO";"OPERACOES VAREJO";""
"2164";"SPC EQUIPE ARMAZENAGEM - T1";"PRESIDENCIA";"LOGISTICA";""
"1669";"SUP CONTAS SPC";"VP COMERCIAL";"VENDAS";""
"2363";"DML - 12 - SUBGERENTE";"VP VAREJO";"OPERACOES VAREJO";""
"1535";"RJ ENCARREGADO LINHA 3 - T2";"PRESIDENCIA";"LOGISTICA";""
"3323";"DML - 622 - GER FARMACEUTICO/LOJA";"VP VAREJO";"OPERACOES LOJAS";""
"2768";"ROS - 365 - GER FARMACEUTICO/LOJA";"VP VAREJO";"OPERACOES LOJAS";""
"1546";"RJ EQUIPE CONFERENCIA - T3";"PRESIDENCIA";"LOGISTICA";""
"3604";"DML - 634 - GER FARMACEUTICO/LOJA";"VP VAREJO";"OPERACOES LOJAS";""
"1554";"RJ EQUIPE ABASTECIMENTO - T1";"PRESIDENCIA";"LOGISTICA";""
"2387";"DML - 46 - EQUIPE LOJA";"VP VAREJO";"OPERACOES LOJAS";""
"1482";"RJ EQUIPE DEVOLUCAO";"PRESIDENCIA";"FINANCEIRO DISTRIBUICAO";""
"2022";"SUP MG NORTE 3";"VP COMERCIAL";"VENDAS";""
"3226";"EQUIPE DIST CD";"PRESIDENCIA";"FINANCEIRO DISTRIBUICAO";""
"3493";"ROS - 468 - GER FARMACEUTICO/LOJA";"VP VAREJO";"OPERACOES VAREJO";""
"3377";"TMO - 191 - SUBGERENTE/LIDER";"VP VAREJO";"OPERACOES LOJAS";""
"2806";"ROS - 375 - EQUIPE LOJA";"VP VAREJO";"OPERACOES LOJAS";""
"3749";"SPC EQUIPE SPECIALTY T1";"PRESIDENCIA";"DIRETORIA EXECUTIVA LOGISTICA";""
"2041";"EQUIPE COORD FISCAL";"VP ESTRATEGIA E FINANCAS";"TRIBUTARIA E FISCAL";""
"2637";"ROS - 394 - SUBGERENTE/LIDER";"VP VAREJO";"OPERACOES LOJAS";""
"3196";"EQUIPE E-COMMERCE VAREJO";"VP VAREJO";"OPERACOES VAREJO";""
"1443";"SUP OPERACOES FILIAIS (AL, DA, MG, PB, PE, RN, SE, SPI, SPC)";"PRESIDENCIA";"CULTURA E GESTAO DE GENTE";""
"3372";"ROS - 407 - SUBGERENTE/LIDER";"VP VAREJO";"OPERACOES LOJAS";""
"2952";"TMO - 185 - GER FARMACEUTICO/LOJA";"VP VAREJO";"OPERACOES LOJAS";""
"3090";"TMO - 132 - EQUIPE LOJA";"VP VAREJO";"OPERACOES LOJAS";""
"3056";"TMO - 129 - GER FARMACEUTICO/LOJA";"VP VAREJO";"OPERACOES LOJAS";""
"133";"EQUIPE REMUNERACAO";"PRESIDENCIA";"CULTURA E GESTAO DE GENTE";""
"2859";"TMO - 158 - EQUIPE LOJA";"VP VAREJO";"OPERACOES LOJAS";""
"1678";"SUP SE";"VP COMERCIAL";"VENDAS";""
"3412";"DML - 631 - EQUIPE LOJA";"VP VAREJO";"OPERACOES LOJAS";""
"1565";"RJ ENCARREGADO RECEBIMENTO - T3";"PRESIDENCIA";"LOGISTICA";""
"3307";"EQUIPE ARQUITETURA";"PRESIDENCIA";"TECNOLOGIA INFORMACAO";""
"3228";"EQUIPE REDES BA/SE";"VP COMERCIAL";"VENDAS";""
"2763";"ROS - 344 - GER FARMACEUTICO/LOJA";"VP VAREJO";"OPERACOES LOJAS";""
"1991";"MG - J&J";"VP COMERCIAL";"VENDAS";""
"2243";"RJ ENCARREGADO OPERACAO DE EXCESSO - T1";"PRESIDENCIA";"LOGISTICA";""
"3783";"ROS - 477 - SUBGERENTE/LIDER";"VP VAREJO";"OPERACOES LOJAS";""
"2199";"SPC ENCARREGADO CRDK/FOB - T1";"PRESIDENCIA";"LOGISTICA";""
"163";"ESPECIALISTA FARMA";"VP VAREJO";"MARKETING VAREJO";""
"2567";"ROS - 444 - SUBGERENTE/LIDER";"VP VAREJO";"OPERACOES VAREJO";""
"2724";"ROS - 350 - EQUIPE LOJA";"VP VAREJO";"OPERACOES LOJAS";""
"2673";"ROS - 335 - GER FARMACEUTICO/LOJA";"VP VAREJO";"OPERACOES LOJAS";""
"2828";"TMO - 192 - GER FARMACEUTICO/LOJA";"VP VAREJO";"OPERACOES LOJAS";""
"1550";"RJ EQUIPE ABASTECIMENTO - T2";"PRESIDENCIA";"LOGISTICA";""
"3674";"SUPERINTENDENCIA ESCRITORIO PROJETOS";"PRESIDENCIA";"PRESIDENCIA";""
"2647";"ROS - 341 - EQUIPE LOJA";"VP VAREJO";"OPERACOES LOJAS";""
"2000";"SUP RS 3";"VP COMERCIAL";"VENDAS";""
"1701";"GO EQUIPE PRODUCAO - T1";"PRESIDENCIA";"LOGISTICA";""
"1846";"RN SUP M&A";"PRESIDENCIA";"LOGISTICA";""
"2810";"ROS - 430 - EQUIPE LOJA";"VP VAREJO";"OPERACOES LOJAS";""
"2876";"TMO - 124 - GER FARMACEUTICO/LOJA";"VP VAREJO";"OPERACOES LOJAS";""
"2102";"MT EQUIPE D&E";"PRESIDENCIA";"LOGISTICA";""
"141";"EQUIPE PEOPLE ANALYTICS";"PRESIDENCIA";"CULTURA E GESTAO DE GENTE";""
"3457";"MT ENCARREGADO M&A PRODUCAO - T3";"PRESIDENCIA";"LOGISTICA";""
"1418";"SUPERINTENDENCIA ESTRATEGIA E GESTAO DISTRIBUICAO";"PRESIDENCIA";"ESTRATEGIA E GESTAO DISTRIBUICAO";""
"2073";"GER NEGOCIACAO DE VENDAS";"VP COMERCIAL";"PLANEJAMENTO VENDAS";""
"3557";"DML - 637 - SUBGERENTE";"VP VAREJO";"OPERACOES LOJAS";""
"232";"GER COMERCIAL GENERICOS";"VP COMERCIAL";"COMERCIAL";""
"2546";"ROS - 303 - SUBGERENTE/LIDER";"VP VAREJO";"OPERACOES LOJAS";""
"337";"GER CANAIS DIGITAIS";"VP COMERCIAL";"MARKETING";""
"3691";"SPI SUP CGG";"PRESIDENCIA ";"CULTURA E GESTAO DE GENTE";""
"2308";"DML - 4 - SUBGERENTE";"VP VAREJO";"OPERACOES LOJAS";""
"3419";"EQUIPE COMUNICACAO INSTITUCIONAL";"PRESIDENCIA";"CULTURA E GESTAO DE GENTE";""
"2675";"ROS - 346 - GER FARMACEUTICO/LOJA";"VP VAREJO";"OPERACOES LOJAS";""
"69";"EQUIPE ADMINISTRACAO DE PESSOAL - FOLHA";"PRESIDENCIA";"ADMINISTRATIVO FINANCEIRA";""
"3581";"COORD GESTAO COMERCIAL 2";"VP SPECIALTY";"VP SPECIALTY";""
"1849";"RN EQUIPE CUSTOS";"PRESIDENCIA";"LOGISTICA";""
"2133";"DIRETORIA ADMINISTRATIVA FINANCEIRA";"PRESIDENCIA";"ADMINISTRATIVO FINANCEIRA";""
"2570";"ROS - 301 - EQUIPE LOJA";"VP VAREJO";"OPERACOES LOJAS";""
"3566";"TMO - 224 - SUBGERENTE/LIDER";"VP VAREJO";"OPERACOES LOJAS";""
"2562";"ROS - 370 - SUBGERENTE/LIDER";"VP VAREJO";"OPERACOES VAREJO";""
"1946";"EQUIPES GO 2";"VP COMERCIAL";"VENDAS";""
"2188";"RJ EQUIPE FOB";"PRESIDENCIA";"LOGISTICA";""
"2633";"ROS - 361 - SUBGERENTE/LIDER";"VP VAREJO";"OPERACOES LOJAS";""
"2534";"ROS - 351 - GER FARMACEUTICO/LOJA";"VP VAREJO";"OPERACOES LOJAS";""
"168";"CONVENIO";"VP VAREJO";"MARKETING VAREJO";""
"170";"GER GENERICO";"VP COMERCIAL";"COMERCIAL";""
"2925";"TMO - 154 - EQUIPE LOJA";"VP VAREJO";"OPERACOES LOJAS";""
"3677";"ESPECIALISTA PROJETOS 2";"PRESIDENCIA";"LOGISTICA";""
"3638";"DML - 641 - GER FARMACEUTICO/LOJA";"VP VAREJO";"OPERACOES LOJAS";""
"2329";"DML - 22 - EQUIPE LOJA";"VP VAREJO";"OPERACOES LOJAS";""
"2645";"ROS - 329 - EQUIPE LOJA";"VP VAREJO";"OPERACOES LOJAS";""
"2870";"TMO - 194 - EQUIPE LOJA";"VP VAREJO";"OPERACOES LOJAS";""
"2165";"INATIVA";"PRESIDENCIA";"LOGISTICA";""
"2317";"DML - 64 - SUBGERENTE";"VP VAREJO";"OPERACOES LOJAS";""
"2681";"ROS - 387 - GER FARMACEUTICO/LOJA";"VP VAREJO";"OPERACOES LOJAS";""
"2732";"ROS - 441 - EQUIPE LOJA";"VP VAREJO";"OPERACOES LOJAS";""
"3237";"TO COORD OPERACOES";"PRESIDENCIA";"LOGISTICA";""
"2099";"MT EQUIPE FATURAMENTO";"PRESIDENCIA";"LOGISTICA";""
"1806";"MG EQUIPE D&E TRANSPORTE";"PRESIDENCIA";"LOGISTICA";""
"2096";"SUP CONTAS MG";"VP COMERCIAL";"VENDAS";""
"335";"COORD RELACIONAMENTO";"VP COMERCIAL";"MARKETING";""
"3609";"EQUIPE SPECIALTY CALL CENTER";"VP SPECIALTY";"VP SPECIALTY";""
"2657";"ROS - 364 - EQUIPE LOJA";"VP VAREJO";"OPERACOES LOJAS";""
"1703";"GO EQUIPE RECEBIMENTO - T1";"PRESIDENCIA";"LOGISTICA";""
"2310";"DML - 22 - SUBGERENTE";"VP VAREJO";"OPERACOES LOJAS";""
"2907";"TMO - 172 - SUBGERENTE/LIDER";"VP VAREJO";"OPERACOES LOJAS";""
"1392";"DIRETORIA ESG";"PRESIDENCIA";"ESG";""
"199";"GER REGIONAL TMO 4";"VP VAREJO";"OPERACOES LOJAS";""
"1847";"RN EQUIPE M&A QUALIDADE";"PRESIDENCIA";"LOGISTICA";""
"2399";"DML - 27 - GER FARMACEUTICO/LOJA";"VP VAREJO";"OPERACOES LOJAS";""
"3127";"ROS - 331 - GER FARMACEUTICO/LOJA";"VP VAREJO";"OPERACOES VAREJO";""
"2990";"TMO - 137 - EQUIPE LOJA";"VP VAREJO";"OPERACOES LOJAS";""
"2501";"DML - 621 - SUBGERENTE";"VP VAREJO";"OPERACOES LOJAS";""
"3135";"DML - 51 - SUBGERENTE";"VP VAREJO";"OPERACOES LOJAS";""
"2521";"ROS - 303 - GER FARMACEUTICO/LOJA";"VP VAREJO";"OPERACOES LOJAS";""
"1626";"SPI EQUIPE D&E - T1";"PRESIDENCIA";"LOGISTICA";""
"2448";"DML - 19 - EQUIPE LOJA";"VP VAREJO";"OPERACOES VAREJO";""
"3113";"DML - 37 - GER FARMACEUTICO/LOJA";"VP VAREJO";"OPERACOES LOJAS";""
"1927";"ES EQUIPE CRDK";"PRESIDENCIA";"LOGISTICA";""
"2666";"ROS - 310 - GER FARMACEUTICO/LOJA";"VP VAREJO";"OPERACOES VAREJO";""
"1949";"EQUIPES RJ 1";"VP COMERCIAL";"VENDAS";""
"2746";"ROS - 403 - SUBGERENTE/LIDER";"VP VAREJO";"OPERACOES LOJAS";""
"2491";"DML - 23 - SUBGERENTE";"VP VAREJO";"OPERACOES LOJAS";""
"1713";"DF EQUIPE M&A QUALIDADE";"PRESIDENCIA";"LOGISTICA";""
"2246";"EQUIPE RELACOES INVESTIDORES";"VP ESTRATEGIA E FINANCAS";"RELACOES INVESTIDORES";""
"2621";"ROS - 323 - SUBGERENTE/LIDER";"VP VAREJO";"OPERACOES LOJAS";""
"2476";"DML - 38 - GER FARMACEUTICO/LOJA";"VP VAREJO";"OPERACOES LOJAS";""
"3058";"TMO - 132 - GER FARMACEUTICO/LOJA";"VP VAREJO";"OPERACOES LOJAS";""
"2206";"EQUIPES SPC 6";"VP COMERCIAL";"VENDAS";""
"1557";"RJ ENCARREGADO ARMAZENAGEM - T3";"PRESIDENCIA";"LOGISTICA";""
"1390";"COORD COMUNICACAO INSTITUCIONAL";"PRESIDENCIA";"CULTURA E GESTAO DE GENTE";""
"2707";"ROS - 410 - SUBGERENTE/LIDER";"VP VAREJO";"OPERACOES LOJAS";""
"1548";"RJ EQUIPE PICKING MEZANINO - T1";"PRESIDENCIA";"LOGISTICA";""
"1881";"BA EQUIPE PRODUCAO/ABASTECIMENTO - T1";"PRESIDENCIA";"LOGISTICA";""
"1448";"MONITOR QUALIDADE CD";"VP COMERCIAL";"MARKETING";""
"1968";"EQUIPES BA 2";"VP COMERCIAL";"VENDAS";""
"3286";"GER COMERCIAL";"VP COMERCIAL";"VENDAS";""
"24";"COORD SISTEMAS GRUPO 2";"PRESIDENCIA";"TECNOLOGIA INFORMACAO";""
"2358";"DML - 60 - GER FARMACEUTICO/LOJA";"VP VAREJO";"OPERACOES LOJAS";""
"3186";"EQUIPE PBM VAREJO";"PRESIDENCIA";"ADMINISTRATIVO FINANCEIRA";""
"2727";"ROS - 380 - EQUIPE LOJA";"VP VAREJO";"OPERACOES LOJAS";""
"3417";"EQUIPE SUP FACILITIES ADMINISTRATIVA";"PRESIDENCIA";"ADMINISTRATIVO FINANCEIRA";""
"3544";"COORD REGULATORIO - F. POPULAR.";"VP VAREJO";"OPERACOES VAREJO";""
"1874";"PB ENCARREGADO ARMAZENAGEM - T1";"PRESIDENCIA";"LOGISTICA";""
"2775";"ROS - 325 - SUBGERENTE/LIDER";"VP VAREJO";"OPERACOES LOJAS";""
"201";"COORD EXPANSAO";"VP VAREJO";"OPERACOES VAREJO";""
"1410";"GER H1 , H2, H3";"PRESIDENCIA";"INOVACAO";""
"3273";"SPC GER OPERACOES";"PRESIDENCIA";"LOGISTICA";""
"3220";"SUP ADMINISTRATIVA";"PRESIDENCIA";"ADMINISTRATIVO FINANCEIRA";""
"1993";"NEGOCIACAO DE VENDAS";"VP COMERCIAL";"PLANEJAMENTO DE VENDAS";""
"2327";"DML - 4 - EQUIPE LOJA";"VP VAREJO";"OPERACOES LOJAS";""
"1506";"EQUIPE LOGISTICA PLANEJAMENTO";"PRESIDENCIA";"LOGISTICA";""
"3321";"DML - 625 - GER FARMACEUTICO/LOJA";"VP VAREJO";"OPERACOES LOJAS";""
"2761";"ROS - 338 - GER FARMACEUTICO/LOJA";"VP VAREJO";"OPERACOES LOJAS";""
"3599";"GER COMERCIAL MEDICAMENTOS ESPECIAIS";"VP VAREJO";"COMERCIAL VAREJO";""
"3391";"ROS - 378 - EQUIPE LOJA";"VP VAREJO";"OPERACOES LOJAS";""
"2449";"DML - 27 - EQUIPE LOJA";"VP VAREJO";"OPERACOES LOJAS";""
"2343";"DML - 609 - EQUIPE LOJA";"VP VAREJO";"OPERACOES VAREJO";""
"1405";"EQUIPE GS PROCESSOS";"PRESIDENCIA";"ADMINISTRATIVO FINANCEIRA";""
"2834";"TMO - 115 - SUBGERENTE/LIDER";"VP VAREJO";"OPERACOES LOJAS";""
"1570";"GER REGIONAL SP";"PRESIDENCIA";"LOGISTICA";""
"1901";"BA ENCARREGADO D&E - T3";"PRESIDENCIA";"LOGISTICA";""
"1717";"DF EQUIPE CONFERENCIA/LOOP 3 - T1";"PRESIDENCIA";"LOGISTICA";""
"3011";"TMO - 167 - GER FARMACEUTICO/LOJA";"VP VAREJO";"OPERACOES LOJAS";""
"341";"SERVICOS A CLIENTES SEDE";"VP COMERCIAL";"MARKETING";""
"3418";"EQUIPE CONTROLES INTERNOS";"VP ESTRATEGIA E FINANCAS";"AUDITORIA E COMPLIANCE";""
"1585";"SPC EQUIPE D&E TRANSPORTE";"PRESIDENCIA";"LOGISTICA";""
"21";"COORD PRODUCAO INFRAESTRUTURA TI";"PRESIDENCIA";"TECNOLOGIA INFORMACAO";""
"2944";"TMO - 137 - GER FARMACEUTICO/LOJA";"VP VAREJO";"OPERACOES LOJAS";""
"3289";"MG SUP CGG";"PRESIDENCIA";"CULTURA E GESTAO DE GENTE";""
"2336";"DML - 64 - EQUIPE LOJA";"VP VAREJO";"OPERACOES LOJAS";""
"2868";"TMO - 192 - EQUIPE LOJA";"VP VAREJO";"OPERACOES LOJAS";""
"1593";"SPC EQUIPE CRDK/FOB";"PRESIDENCIA";"LOGISTICA";""
"1694";"GO EQUIPE DEVOLUCAO";"PRESIDENCIA";"LOGISTICA";""
"2193";"EQUIPE GPP";"PRESIDENCIA";"FINANCEIRO DISTRIBUICAO";""
"2038";"COORD LOGISTICA PCP";"PRESIDENCIA";"LOGISTICA";""
"2878";"TMO - 135 - GER FARMACEUTICO/LOJA";"VP VAREJO";"OPERACOES VAREJO";""
"2994";"TMO - 157 - EQUIPE LOJA";"VP VAREJO";"OPERACOES LOJAS";""
"3340";"ROS - 470 - GER FARMACEUTICO/LOJA";"VP VAREJO";"OPERACOES LOJAS";""
"2442";"DML - 623 - SUBGERENTE";"VP VAREJO";"OPERACOES LOJAS";""
"2671";"ROS - 328 - GER FARMACEUTICO/LOJA";"VP VAREJO";"OPERACOES LOJAS";""
"2829";"TMO - 193 - GER FARMACEUTICO/LOJA";"VP VAREJO";"OPERACOES LOJAS";""
"2475";"DML - 36 - GER FARMACEUTICO/LOJA";"VP VAREJO";"OPERACOES LOJAS";""
"3203";"GER TRADE VAREJO";"VP VAREJO";"VP VAREJO";""
"3293";"SPC GER ADMINISTRATIVO";"PRESIDENCIA";"FINANCEIRO DISTRIBUICAO";""
"2691";"ROS - 312 - SUBGERENTE/LIDER";"VP VAREJO";"OPERACOES LOJAS";""
"108";"GER PLANEJAMENTO FINANCEIRO VAREJO";"PRESIDENCIA";"FINANCEIRO VAREJO";""
"1821";"PE SUP M&A";"PRESIDENCIA";"LOGISTICA";""
"2260";"DML - 87 - EQUIPE LOJA";"VP VAREJO";"OPERACOES LOJAS";""
"3096";"TMO - 161 - EQUIPE LOJA";"VP VAREJO";"OPERACOES LOJAS";""
"2979";"TMO - 105 - EQUIPE LOJA";"VP VAREJO";"OPERACOES LOJAS";""
"2655";"ROS - 356 - EQUIPE LOJA";"VP VAREJO";"OPERACOES LOJAS";""
"2875";"TMO - 120 - GER FARMACEUTICO/LOJA";"VP VAREJO";"OPERACOES LOJAS";""
"422";"SPC ENCARREGADO ABASTECIMENTO - T1";"PRESIDENCIA";"LOGISTICA";""
"3271";"SPI GPP E GR";"PRESIDENCIA";"FINANCEIRO DISTRIBUICAO";""
"2610";"ROS - 361 - GER FARMACEUTICO/LOJA";"VP VAREJO";"OPERACOES LOJAS";""
"2995";"TMO - 171 - EQUIPE LOJA";"VP VAREJO";"OPERACOES LOJAS";""
"3019";"TMO - 118 - SUBGERENTE/LIDER";"VP VAREJO";"OPERACOES LOJAS";""
"3790";"GER PROJETOS EXPANSAO";"VP VAREJO";"OPERACOES VAREJO";""
"1628";"SPI EQUIPE D&E - T3";"PRESIDENCIA";"LOGISTICA";""
"1413";"TRABALHISTA - RELACOES SINDICAIS";"VP CORPORATIVA";"JURIDICO";""
"2588";"ROS - 374 - EQUIPE LOJA";"VP VAREJO";"OPERACOES LOJAS";""
"3316";"ES EQUIPE CRDK 1 - T3";"PRESIDENCIA";"LOGISTICA";""
"3137";"DML - 26 - SUBGERENTE";"VP VAREJO";"OPERACOES LOJAS";""
"3332";"ROS - 310 - GER FARMACEUTICO/LOJA";"VP VAREJO";"OPERACOES VAREJO";""
"3210";"GER SELL OUT 3";"VP VAREJO";"COMERCIAL VAREJO";""
"3241";"GER NACIONAL REDES";"VP COMERCIAL";"PLANEJAMENTO VENDAS";""
"2332";"DML - 34 - EQUIPE LOJA";"VP VAREJO";"OPERACOES LOJAS";""
"3452";"COORD MARKETPLACE VAREJO";"VP VAREJO";"OPERACOES VAREJO";""
"2903";"TMO - 146 - SUBGERENTE/LIDER";"VP VAREJO";"OPERACOES LOJAS";""
"3035";"TMO - 220 - SUBGERENTE/LIDER";"VP VAREJO";"OPERACOES LOJAS";""
"1906";"RJ SUP CRDK";"PRESIDENCIA";"LOGISTICA";""
"2290";"DML - 7 - GER FARMACEUTICO/LOJA";"VP VAREJO";"OPERACOES LOJAS";""
"2726";"ROS - 369 - EQUIPE LOJA";"VP VAREJO";"OPERACOES LOJAS";""
"2226";"MG ENCARREGADO GPP E GR";"PRESIDENCIA";"FINANCEIRO DISTRIBUICAO";""
"3474";"GER SUPPLY CHAIN VAREJO 2";"PRESIDENCIA";"SUPPLY CHAIN VAREJO";""
"2487";"DML - 14 - SUBGERENTE";"VP VAREJO";"OPERACOES LOJAS";""
"2542";"ROS - 444 - GER FARMACEUTICO/LOJA";"VP VAREJO";"OPERACOES VAREJO";""
"1621";"SPI EQUIPE GR";"PRESIDENCIA";"FINANCEIRO DISTRIBUICAO";""
"2685";"ROS - 442 - GER FARMACEUTICO/LOJA";"VP VAREJO";"OPERACOES VAREJO";""
"458";"SPC ENCARREGADO PICKING/LINHA 3 - T3";"PRESIDENCIA";"LOGISTICA";""
"3774";"SPC ENC D&E SPECIALTY";"VP SPECIALTY";"VP SPECIALTY";""
"3057";"TMO - 130 - GER FARMACEUTICO/LOJA";"VP VAREJO";"OPERACOES LOJAS";""
"3280";"GER PLANEJAMENTO TRANSPORTES";"PRESIDENCIA";"LOGISTICA";""
"2181";"SPI COORD OPERACOES";"PRESIDENCIA";"LOGISTICA";""
"470";"SPC ENCARREGADO RECONFERENCIA - T3";"PRESIDENCIA";"LOGISTICA";""
"2167";"RJ EQUIPE CRDK - T1";"PRESIDENCIA";"LOGISTICA";""
"1944";"EQUIPES REDES SUL";"VP COMERCIAL";"VENDAS";""
"1521";"RJ SUP - TURNO 3";"PRESIDENCIA";"LOGISTICA";""
"1891";"BA EQUIPE CUSTOS";"PRESIDENCIA";"LOGISTICA";""
"3214";"GER FINANCEIRO VAREJO";"PRESIDENCIA";"FINANCEIRO VAREJO";""
"1994";"PLANEJAMENTO VENDAS 1";"VP COMERCIAL";"PLANEJAMENTO DE VENDAS";""
"1607";"SPI ENCARREGADO PRODUCAO - T3";"PRESIDENCIA";"LOGISTICA";""
"3435";"EQUIPE  COMERCIAL NAO MEDICAMENTOS";"VP VAREJO";"COMERCIAL VAREJO";""
"183";"GER OPERACAO DML/FML";"VP VAREJO";"OPERACOES VAREJO";""
"3133";"DML - 54 - SUBGERENTE";"VP VAREJO";"OPERACOES LOJAS";""
"3328";"DML - 72 - GER FARMACEUTICO/LOJA";"VP VAREJO";"OPERACOES VAREJO";""
"214";"EQUIPE CANAIS DIGITAIS";"VP VAREJO";"COMERCIAL VAREJO";""
"3045";"TMO - 163 - EQUIPE LOJA";"VP VAREJO";"OPERACOES LOJAS";""
"3400";"ROS - 466 - EQUIPE LOJA";"VP VAREJO";"OPERACOES LOJAS";""
"2649";"ROS - 346 - EQUIPE LOJA";"VP VAREJO";"OPERACOES VAREJO";""
"2872";"TMO - 103 - GER FARMACEUTICO/LOJA";"VP VAREJO";"OPERACOES VAREJO";""
"1660";"SUP ES";"VP COMERCIAL";"VENDAS";""
"3052";"TMO - 189 - EQUIPE LOJA";"VP VAREJO";"OPERACOES LOJAS";""
"105";"SUP PREVENCAO DE PERDAS - GESTAO RISCO";"PRESIDENCIA";"FINANCEIRO VAREJO";""
"2700";"ROS - 350 - SUBGERENTE/LIDER";"VP VAREJO";"OPERACOES LOJAS";""
"1645";"SUP PR 3";"VP COMERCIAL";"VENDAS";""
"2682";"ROS - 393 - GER FARMACEUTICO/LOJA";"VP VAREJO";"OPERACOES LOJAS";""
"3257";"MG ENCARREGADO PICKING - T3";"PRESIDENCIA";"LOGISTICA";""
"1824";"PE EQUIPE FATURAMENTO";"PRESIDENCIA";"LOGISTICA";""
"3084";"TMO - 183 - SUBGERENTE/LIDER";"VP VAREJO";"OPERACOES LOJAS";""
"2419";"DML - 9 - SUBGERENTE";"VP VAREJO";"OPERACOES LOJAS";""
"1591";"SPC EQUIPE D&E";"PRESIDENCIA";"LOGISTICA";""
"2293";"DML - 32 - GER FARMACEUTICO/LOJA";"VP VAREJO";"OPERACOES VAREJO";""
"2911";"TMO - 102 - EQUIPE LOJA";"VP VAREJO";"OPERACOES LOJAS";""
"1571";"SPC COORD OPERACOES";"PRESIDENCIA";"LOGISTICA";""
"3613";"DML - 629 - EQUIPE LOJA";"VP VAREJO";"OPERACOES LOJAS";""
"1529";"RJ ENCARREGADO CONFERENCIA - T1";"PRESIDENCIA";"LOGISTICA";""
"3516";"DF EQUIPE LINHA 3 - T1";"PRESIDENCIA";"LOGISTICA";""
"2737";"ROS - 401 - GER FARMACEUTICO/LOJA";"VP VAREJO";"OPERACOES LOJAS";""
"3299";"EQUIPE QUALIDADE TRANSPORTES";"PRESIDENCIA";"LOGISTICA";""
"2791";"ROS - 386 - SUBGERENTE/LIDER";"VP VAREJO";"OPERACOES LOJAS";""
"3496";"ROS - 473 - GER FARMACEUTICO/LOJA";"VP VAREJO";"OPERACOES LOJAS";""
"1414";"DIRETORIA FISCAL TRIBUTARIA";"VP ESTRATEGIA E FINANCAS";"TRIBUTARIA E FISCAL";""
"2565";"ROS - 438 - SUBGERENTE/LIDER";"VP VAREJO";"OPERACOES VAREJO";""
"2549";"ROS - 314 - SUBGERENTE/LIDER";"VP VAREJO";"OPERACOES LOJAS";""
"1430";"EQUIPE SUP PRODUCAO TI";"PRESIDENCIA";"TECNOLOGIA INFORMACAO";""
"2918";"TMO - 135 - EQUIPE LOJA";"VP VAREJO";"OPERACOES VAREJO";""
"1412";"EQUIPE PROJETOS 1";"PRESIDENCIA";"PRESIDENCIA";""
"3545";"DML - 636 - GER FARMACEUTICO/LOJA";"VP VAREJO";"OPERACOES LOJAS";""
"1923";"ES EQUIPE D&E TRANSPORTE";"PRESIDENCIA";"LOGISTICA";""
"339";"GER SERVICOS A CLIENTES";"VP COMERCIAL";"MARKETING";""
"1630";"GER DIVISIONAL SUL E SP";"VP COMERCIAL";"VENDAS";""
"1802";"MG EQUIPE SEPARACAO - T3";"PRESIDENCIA";"LOGISTICA";""
"193";"GER REGIONAL ROS 2";"VP VAREJO";"OPERACOES LOJAS";""
"3750";"EQUIPE TORRE DE CONTROLE SPECIALTY";"VP SPECIALTY";"DIRETORIA OPERAÇÕES SPECIALTY";""
"3526";"RJ BOMBEIRO CIVIL";"PRESIDENCIA";"FINANCEIRO DISTRIBUICAO";""
"2481";"DML - 605 - GER FARMACEUTICO/LOJA";"VP VAREJO";"OPERACOES LOJAS";""
"1500";"GER PLANEJAMENTO CRDK/FOB";"PRESIDENCIA";"LOGISTICA";""
"3059";"TMO - 134 - GER FARMACEUTICO/LOJA";"VP VAREJO";"OPERACOES LOJAS";""
"1908";"RJ EQUIPE CRDK - T1";"PRESIDENCIA";"LOGISTICA";""
"1811";"MG EQUIPE FATURAMENTO";"PRESIDENCIA";"LOGISTICA";""
"1945";"EQUIPES GO 1";"VP COMERCIAL";"VENDAS";""
"3542";"MT EQUIPE M&A PRODUCAO - T2";"PRESIDENCIA";"LOGISTICA";""
"3249";"DIRETORIA TI VAREJO";"PRESIDENCIA";"TECNOLOGIA INFORMACAO";""
"2551";"ROS - 316 - SUBGERENTE/LIDER";"VP VAREJO";"OPERACOES LOJAS";""
"2723";"ROS - 346 - EQUIPE LOJA";"VP VAREJO";"OPERACOES LOJAS";""
"2678";"ROS - 369 - GER FARMACEUTICO/LOJA";"VP VAREJO";"OPERACOES LOJAS";""
"3633";"ROS - 396 - EQUIPE LOJA";"VP VAREJO";"OPERACOES LOJAS";""
"3508";"DML - 632 - GER FARMACEUTICO/LOJA";"VP VAREJO";"OPERACOES LOJAS";""
"1708";"GO ENCARREGADO D&E - T1";"PRESIDENCIA";"LOGISTICA";""
"2697";"ROS - 335 - SUBGERENTE/LIDER";"VP VAREJO";"OPERACOES LOJAS";""
"3724";"GER - MANUTENCAO VAREJO";"PRESIDENCIA";"ADMINISTRATIVA FINANCEIRA";""
"2618";"ROS - 302 - SUBGERENTE/LIDER";"VP VAREJO";"OPERACOES LOJAS";""
"2644";"ROS - 323 - EQUIPE LOJA";"VP VAREJO";"OPERACOES LOJAS";""
"2919";"TMO - 136 - EQUIPE LOJA";"VP VAREJO";"OPERACOES LOJAS";""
"2132";"EQUIPE FACILITIES DIST SEDE";"PRESIDENCIA";"FINANCEIRO DISTRIBUICAO";""
"2553";"ROS - 319 - SUBGERENTE/LIDER";"VP VAREJO";"OPERACOES LOJAS";""
"2701";"ROS - 360 - SUBGERENTE/LIDER";"VP VAREJO";"OPERACOES VAREJO";""
"1851";"RN EQUIPE MANUTENCAO PREDIAL";"PRESIDENCIA";"FINANCEIRO DISTRIBUICAO";""
"3699";"ES EQUIPE CGG";"PRESIDENCIA ";"CULTURA E GESTAO DE GENTE";""
"3083";"TMO - 181 - SUBGERENTE/LIDER";"VP VAREJO";"OPERACOES LOJAS";""
"2964";"TMO - 125 - SUBGERENTE/LIDER";"VP VAREJO";"OPERACOES LOJAS";""
"1651";"SUP DF";"VP COMERCIAL";"VENDAS";""
"3645";"TMO - 227 - SUBGERENTE/LIDER";"VP VAREJO";"OPERACOES LOJAS";""
"1496";"GER CONTAS RJ/MG/ES";"VP COMERCIAL";"VENDAS";""
"3796";"ROS - 385 - GER FARMACEUTICO/LOJA";"VP VAREJO";"OPERACOES LOJAS";""
"2865";"TMO - 175 - EQUIPE LOJA";"VP VAREJO";"OPERACOES LOJAS";""
"1459";"EQUIPE CONTABILIDADE E CUSTOS (REPORT COORD)";"PRESIDENCIA";"FINANCEIRO DISTRIBUICAO";""
"2064";"DIRETORIA PLANEJAMENTO DE VENDAS";"VP COMERCIAL";"DISTRIBUICAO";""
"2446";"DML - 12 - EQUIPE LOJA";"VP VAREJO";"OPERACOES LOJAS";""
"221";"DIRETORIA COMERCIAL";"VP COMERCIAL";"DISTRIBUICAO";""
"3208";"GER SELL OUT 1";"VP VAREJO";"COMERCIAL VAREJO";""
"2869";"TMO - 193 - EQUIPE LOJA";"VP VAREJO";"OPERACOES LOJAS";""
"1383";"EQUIPE REMUNERACAO - BENEFICIOS";"PRESIDENCIA";"CULTURA E GESTAO DE GENTE";""
"2949";"TMO - 171 - GER FARMACEUTICO/LOJA";"VP VAREJO";"OPERACOES LOJAS";""
"1863";"PB ENCARREGADO PRODUCAO/ABASTECIMENTO/EXPEDICAO - T2";"PRESIDENCIA";"LOGISTICA";""
"2617";"ROS - 463 - GER FARMACEUTICO/LOJA";"VP VAREJO";"OPERACOES VAREJO";""
"2062";"GER TECH LEAD";"PRESIDENCIA";"TECNOLOGIA INFORMACAO";""
"2719";"ROS - 328 - EQUIPE LOJA";"VP VAREJO";"OPERACOES LOJAS";""
"2055";"ESPECIALISTA CULTURA INOVACAO";"PRESIDENCIA";"INOVACAO";""
"3223";"EQUIPE REGIONAL DROGASMIL VAREJO";"VP VAREJO";"OPERACOES VAREJO";""
"1854";"RN EQUIPE D&E";"PRESIDENCIA";"LOGISTICA";""
"1494";"SUP CONTAS GO";"VP COMERCIAL";"VENDAS";""
"3087";"TMO - 126 - EQUIPE LOJA";"VP VAREJO";"OPERACOES LOJAS";""
"2395";"DML - 11 - GER FARMACEUTICO/LOJA";"VP VAREJO";"OPERACOES LOJAS";""
"2331";"DML - 32 - EQUIPE LOJA";"VP VAREJO";"OPERACOES VAREJO";""
"1904";"EQUIPE BP DISTRIBUICAO OPERACOES";"PRESIDENCIA";"CULTURA E GESTAO DE GENTE";""
"2208";"EQUIPES MG - BH";"VP COMERCIAL";"VENDAS";""
"1538";"RJ EQUIPE PICKING MEZANINO - T2";"PRESIDENCIA";"LOGISTICA";""
"2312";"DML - 32 - SUBGERENTE";"VP VAREJO";"OPERACOES VAREJO";""
"3341";"ROS - 376 - GER FARMACEUTICO/LOJA";"VP VAREJO";"OPERACOES LOJAS";""
"1492";"RJ EQUIPE MANUTENCAO PREDIAL";"PRESIDENCIA";"FINANCEIRO DISTRIBUICAO";""
"3010";"TMO - 166 - GER FARMACEUTICO/LOJA";"VP VAREJO";"OPERACOES LOJAS";""
"148";"DIRETORIA COMERCIAL VAREJO";"VP VAREJO";"COMERCIAL VAREJO";""
"3312";"ES ENCARREGADO CRDK NOT - 01";"PRESIDENCIA";"LOGISTICA";""
"2937";"TMO - 114 - GER FARMACEUTICO/LOJA";"VP VAREJO";"OPERACOES LOJAS";""
"54";"COORD PROJETOS FISCAIS";"VP ESTRATEGIA E FINANCAS";"TRIBUTARIA E FISCAL";""
"2650";"ROS - 349 - EQUIPE LOJA";"VP VAREJO";"OPERACOES LOJAS";""
"2943";"TMO - 128 - GER FARMACEUTICO/LOJA";"VP VAREJO";"OPERACOES LOJAS";""
"3467";"MT EQUIPE M&A MEZANINO - T1";"PRESIDENCIA";"LOGISTICA";""
"2963";"TMO - 121 - SUBGERENTE/LIDER";"VP VAREJO";"OPERACOES LOJAS";""
"1427";"EQUIPE SUPORTE CDs";"PRESIDENCIA";"TECNOLOGIA INFORMACAO";""
"2652";"ROS - 353 - EQUIPE LOJA";"VP VAREJO";"OPERACOES LOJAS";""
"207";"DIRETORIA SUPPLY CHAIN VAREJO";"PRESIDENCIA";"SUPPLY CHAIN VAREJO";""
"2434";"DML - 71 - SUBGERENTE";"VP VAREJO";"OPERACOES LOJAS";""
"2371";"DML - 46 - SUBGERENTE";"VP VAREJO";"OPERACOES LOJAS";""
"2550";"ROS - 315 - SUBGERENTE/LIDER";"VP VAREJO";"OPERACOES LOJAS";""
"2441";"DML - 620 - SUBGERENTE";"VP VAREJO";"OPERACOES VAREJO";""
"2118";"EQUIPE BA/SE";"VP COMERCIAL";"VENDAS";""
"1438";"EQUIPE RJ SUP CGG";"PRESIDENCIA";"CULTURA E GESTAO DE GENTE";""
"1756";"RS ENCARREGADO PICKING - T3";"PRESIDENCIA";"LOGISTICA";""
"3410";"DML - 631 - SUBGERENTE";"VP VAREJO";"OPERACOES LOJAS";""
"3110";"DML - 54 - GER FARMACEUTICO/LOJA";"VP VAREJO";"OPERACOES LOJAS";""
"3574";"COORD ADM COMERCIAL";"VP SPECIALTY";"VP SPECIALTY";""
"1520";"RJ SUP - TURNO 2";"PRESIDENCIA";"LOGISTICA";""
"1871";"PB EQUIPE GR";"PRESIDENCIA";"LOGISTICA";""
"2319";"DML - 79 - SUBGERENTE";"VP VAREJO";"OPERACOES LOJAS";""
"1609";"SPI EQUIPE RECEBIMENTO/ARMAZENAGEM - T3";"PRESIDENCIA";"LOGISTICA";""
"2054";"EQUIPE SISTEMA DISTRIBUICAO";"PRESIDENCIA";"TECNOLOGIA INFORMACAO";""
"1996";"COORD PLANEJAMENTO DE VENDAS";"VP COMERCIAL";"PLANEJAMENTO VENDAS";""
"1502";"GER PLANEJAMENTO INTRALOGISTICA";"PRESIDENCIA";"LOGISTICA";""
"246";"CELULA SUPORTE INFORMACAO";"VP COMERCIAL";"COMERCIAL";""
"3551";"ROS - 383 - GER FARMACEUTICO/LOJA";"VP VAREJO";"OPERACOES LOJAS";""
"3430";"GER COMERCIAL RX";"VP COMERCIAL";"COMERCIAL";""
"1440";"BP PRESIDENCIA E FINANCAS";"PRESIDENCIA";"CULTURA E GESTAO DE GENTE";""
"2710";"ROS - 445 - SUBGERENTE/LIDER";"VP VAREJO";"OPERACOES VAREJO";""
"2240";"EQUIPE GPP INVENTARIO";"PRESIDENCIA";"FINANCEIRO DISTRIBUICAO";""
"2497";"DML - 69 - SUBGERENTE";"VP VAREJO";"OPERACOES LOJAS";""
"3655";"COORD PROCESSOS";"PRESIDENCIA";"ADMINISTRATIVO FINANCEIRA";""
"169";"COMUNICACAO INSTITUCIONAL";"VP VAREJO";"MARKETING VAREJO";""
"2396";"DML - 12 - GER FARMACEUTICO/LOJA";"VP VAREJO";"OPERACOES VAREJO";""
"3752";"TMO - 234 - GER FARMACEUTICO/LOJA";"VP VAREJO";"OPERACOES LOJAS";""
"1838";"AL EQUIPE CUSTOS";"PRESIDENCIA";"LOGISTICA";""
"2254";"DML - 87 - SUBGERENTE";"VP VAREJO";"OPERACOES LOJAS";""
"3021";"TMO - 133 - SUBGERENTE/LIDER";"VP VAREJO";"OPERACOES LOJAS";""
"3495";"ROS - 468 - EQUIPE LOJA";"VP VAREJO";"OPERACOES VAREJO";""
"3179";"ESPECIALISTA FINANCEIRO DIST";"PRESIDENCIA";"FINANCEIRO DISTRIBUICAO";""
"1697";"GO EQUIPE M&A QUALIDADE";"PRESIDENCIA";"LOGISTICA";""
"3121";"DML - 18 - GER FARMACEUTICO/LOJA";"VP VAREJO";"OPERACOES LOJAS";""
"3532";"ROS - 471 - GER FARMACEUTICO/LOJA";"VP VAREJO";"OPERACOES LOJAS";""
"3132";"ROS - 378 - GER FARMACEUTICO/LOJA";"VP VAREJO";"OPERACOES VAREJO";""
"3718";"EQUIPE IA";"PRESIDENCIA";"PRESIDENCIA";""
"2821";"TMO - 164 - GER FARMACEUTICO/LOJA";"VP VAREJO";"OPERACOES LOJAS";""
"2704";"ROS - 386 - SUBGERENTE/LIDER";"VP VAREJO";"OPERACOES VAREJO";""
"2836";"TMO - 123 - SUBGERENTE/LIDER";"VP VAREJO";"OPERACOES LOJAS";""
"1778";"PR ENCARREGADO RECEBIMENTO/ARMAZENAGEM - T3";"PRESIDENCIA";"LOGISTICA";""
"2817";"TMO - 138 - GER FARMACEUTICO/LOJA";"VP VAREJO";"OPERACOES VAREJO";""
"1623";"SPI ENCARREGADO D&E - T2";"PRESIDENCIA";"LOGISTICA";""
"2613";"ROS - 373 - GER FARMACEUTICO/LOJA";"VP VAREJO";"OPERACOES LOJAS";""
"2518";"DML - 621 - EQUIPE LOJA";"VP VAREJO";"OPERACOES LOJAS";""
"3206";"TIME DIRETOS JURIDICO";"VP CORPORATIVA";"JURIDICO";""
"1898";"BA EQUIPE CRDK - T2";"PRESIDENCIA";"LOGISTICA";""
"3513";"PE EQUIPE FACILITIES";"PRESIDENCIA";"FINANCEIRO DISTRIBUICAO";""
"3365";"ROS - 370 - SUBGERENTE/LIDER";"VP VAREJO";"OPERACOES LOJAS";""
"3275";"RJ ENCARREGADO M&A - T1";"PRESIDENCIA";"LOGISTICA";""
"3664";"SPC ENC SPECIALTY";"VP SPECIALTY";"VP SPECIALTY";""
"2391";"DML - 69 - EQUIPE LOJA";"VP VAREJO";"OPERACOES VAREJO";""
"1870";"PB EQUIPE FATURAMENTO";"PRESIDENCIA";"LOGISTICA";""
"1505";"COORD LOGISTICA PLANEJAMENTO";"PRESIDENCIA";"LOGISTICA";""
"2003";"SUPORTE EQUIPES EXCLUSIVAS";"VP COMERCIAL";"VENDAS";""
"2525";"ROS - 315 - GER FARMACEUTICO/LOJA";"VP VAREJO";"OPERACOES LOJAS";""
"2122";"COORD TRABALHISTA";"VP ESTRATEGIA E FINANCAS";"JURIDICO";""
"2382";"DML - 30 - EQUIPE LOJA";"VP VAREJO";"OPERACOES VAREJO";""
"2977";"TMO - 104 - EQUIPE LOJA";"VP VAREJO";"OPERACOES LOJAS";""
"3290";"SUP SERVICOS A CLIENTES CD";"VP COMERCIAL";"MARKETING";""
"1722";"DF ENCARREGADO LINHA 3 - T1";"PRESIDENCIA";"LOGISTICA";""
"2251";"DML - 97 - GER FARMACEUTICO/LOJA";"VP VAREJO";"OPERACOES VAREJO";""
"100";"GER CONTROLADORIA VAREJO";"PRESIDENCIA";"FINANCEIRO VAREJO";""
"2350";"DML - 30 - GER FARMACEUTICO/LOJA";"VP VAREJO";"OPERACOES VAREJO";""
"2736";"ROS - 310 - GER FARMACEUTICO/LOJA";"VP VAREJO";"OPERACOES LOJAS";""
"2209";"GER FACILITIES DIST";"PRESIDENCIA";"FINANCEIRO DISTRIBUICAO";""
"2620";"ROS - 317 - SUBGERENTE/LIDER";"VP VAREJO";"OPERACOES LOJAS";""
"2766";"ROS - 352 - GER FARMACEUTICO/LOJA";"VP VAREJO";"OPERACOES LOJAS";""
"1582";"SPC EQUIPE BLOQ";"PRESIDENCIA";"FINANCEIRO DISTRIBUICAO";""
"1684";"SUP RN";"VP COMERCIAL";"VENDAS";""
"179";"GER REGULATORIO";"VP VAREJO";"OPERACOES VAREJO";""
"2760";"ROS - 334 - GER FARMACEUTICO/LOJA";"VP VAREJO";"OPERACOES LOJAS";""
"3117";"DML - 40 - GER FARMACEUTICO/LOJA";"VP VAREJO";"OPERACOES LOJAS";""
"3654";"TMO - 223 - EQUIPE LOJA";"VP VAREJO";"OPERACOES LOJAS";""
"3673";"DML - 643 - EQUIPE LOJA";"VP VAREJO";"OPERACOES LOJAS";""
"1992";"RS - ASSOCIATIVISMO";"VP COMERCIAL";"VENDAS";""
"2103";"MT EQUIPE BLOQ";"PRESIDENCIA";"LOGISTICA";""
"3212";"EQUIPE SELL OUT 2";"VP VAREJO";"COMERCIAL VAREJO";""
"2855";"TMO - 116 - EQUIPE LOJA";"VP VAREJO";"OPERACOES LOJAS";""
"3375";"ROS - 414 - SUBGERENTE/LIDER";"VP VAREJO";"OPERACOES LOJAS";""
"3037";"TMO - 118 - EQUIPE LOJA";"VP VAREJO";"OPERACOES LOJAS";""
"1501";"PLANEJAMENTO LOGISTICO (CRDK/FOB)";"PRESIDENCIA";"LOGISTICA";""
"123";"EQUIPE DESENVOLVIMENTO ORGANIZACIONAL";"PRESIDENCIA";"CULTURA E GESTAO DE GENTE";""
"2569";"ROS - 448 - SUBGERENTE/LIDER";"VP VAREJO";"OPERACOES VAREJO";""
"3618";"TMO - 225 - EQUIPE LOJA";"VP VAREJO";"OPERACOES LOJAS";""
"2886";"TMO - 159 - GER FARMACEUTICO/LOJA";"VP VAREJO";"OPERACOES VAREJO";""
"2572";"ROS - 305 - EQUIPE LOJA";"VP VAREJO";"OPERACOES LOJAS";""
"3472";"TO EQUIPE OPERACOES";"PRESIDENCIA";"LOGISTICA";""
"3225";"EQUIPE FARMACEUTICO ROSARIO";"VP ESTRATEGIA E FINANCAS";"TRIBUTARIA E FISCAL";""
"2714";"ROS - 310 - EQUIPE LOJA";"VP VAREJO";"OPERACOES VAREJO";""
"3371";"ROS - 466 - SUBGERENTE/LIDER";"VP VAREJO";"OPERACOES LOJAS";""
"3704";"EQUIPE COMERCIAL SPECIALTY (CAMPO)";"VP SPECIALTY";"SPECIALTY";""
"1744";"RS EQUIPE GR";"PRESIDENCIA";"FINANCEIRO DISTRIBUICAO";""
"1551";"RJ ENCARREGADO ABASTECIMENTO - T3";"PRESIDENCIA";"LOGISTICA";""
"3635";"TMO - 226 - GER FARMACEUTICO/LOJA";"VP VAREJO";"OPERACOES LOJAS";""
"2607";"ROS - 354 - GER FARMACEUTICO/LOJA";"VP VAREJO";"OPERACOES LOJAS";""
"1667";"SUP SPC 3";"VP COMERCIAL";"VENDAS";""
"2104";"MT EQUIPE CUSTOS";"PRESIDENCIA";"LOGISTICA";""
"2046";"DIVISIONAL RJ/ES/MG - EQUIPE";"VP COMERCIAL";"VENDAS";""
"2245";"GER PLANEJAMENTO FINANCEIRO DIST";"PRESIDENCIA";"FINANCEIRO DISTRIBUICAO";""
"2425";"DML - 29 - SUBGERENTE";"VP VAREJO";"OPERACOES LOJAS";""
"1757";"RS EQUIPE PICKING - T3";"PRESIDENCIA";"LOGISTICA";""
"1718";"DF ENCARREGADO RECEBIMENTO - T1";"PRESIDENCIA";"LOGISTICA";""
"109";"EQUIPE PLANEJAMENTO FINANCEIRO VAREJO";"PRESIDENCIA";"FINANCEIRO VAREJO";""
"117";"GER BP VAREJO";"PRESIDENCIA";"CULTURA E GESTAO DE GENTE";""
"1765";"PR EQUIPE GPP";"PRESIDENCIA";"FINANCEIRO DISTRIBUICAO";""
"2578";"ROS - 319 - EQUIPE LOJA";"VP VAREJO";"OPERACOES LOJAS";""
"3364";"ROS - 337 - SUBGERENTE/LIDER";"VP VAREJO";"OPERACOES LOJAS";""
"1907";"RJ ENCARREGADO RECEBIMENTO - T1";"PRESIDENCIA";"LOGISTICA";""
"1900";"BA EQUIPE D&E - T1";"PRESIDENCIA";"LOGISTICA";""
"3646";"TMO - 227 - EQUIPE LOJA";"VP VAREJO";"OPERACOES LOJAS";""
"2130";"DIRETORIA TI DISTRIBUICAO";"PRESIDENCIA";"TECNOLOGIA INFORMACAO";""
"1527";"RJ ENCARREGADO ARMAZENAGEM - T1";"PRESIDENCIA";"LOGISTICA";""
"432";"SPC EQUIPE PICKING - T2";"PRESIDENCIA";"LOGISTICA";""
"2516";"DML - 611 - EQUIPE LOJA";"VP VAREJO";"OPERACOES LOJAS";""
"3627";"DML - 639 - EQUIPE LOJA";"VP VAREJO";"OPERACOES LOJAS";""
"2422";"DML - 14 - SUBGERENTE";"VP VAREJO";"OPERACOES VAREJO";""
"1447";"SERVICOS A CLIENTES CD";"VP COMERCIAL";"MARKETING";""
"3617";"TMO - 225 - SUBGERENTE/LIDER";"VP VAREJO";"OPERACOES LOJAS";""
"2168";"GER SUPPLY CHAIN DEMANDA 2";"PRESIDENCIA";"SUPPLY CHAIN";""
"2883";"TMO - 146 - GER FARMACEUTICO/LOJA";"VP VAREJO";"OPERACOES LOJAS";""
"2155";"SUP REDES SP 2";"VP COMERCIAL";"VENDAS";""
"3070";"TMO - 122 - SUBGERENTE/LIDER";"VP VAREJO";"OPERACOES LOJAS";""
"1869";"PB EQUIPE CUSTOS";"PRESIDENCIA";"LOGISTICA";""
"1350";"GER EXCELENCIA OPERACIONAL";"PRESIDENCIA";"LOGISTICA";""
"3161";"DML - 20 - EQUIPE LOJA";"VP VAREJO";"OPERACOES LOJAS";""
"1705";"GO EQUIPE PICKING/CONFERENCIA - T3";"PRESIDENCIA";"LOGISTICA";""
"42";"COORD TESOURARIA";"PRESIDENCIA";"ADMINISTRATIVO FINANCEIRA";""
"1981";"EQUIPE REDES SPI";"VP COMERCIAL";"VENDAS";""
"2255";"DML - 91 - SUBGERENTE";"VP VAREJO";"OPERACOES LOJAS";""
"3803";"SPC EQUIPE GPP ADM";"PRESIDENCIA";"FINANCEIRO DISTRIBUICAO";""
"2975";"TMO - 185 - SUBGERENTE/LIDER";"VP VAREJO";"OPERACOES LOJAS";""
"3306";"RN EQUIPE FACILITIES";"PRESIDENCIA";"FINANCEIRO DISTRIBUICAO";""
"2659";"ROS - 373 - EQUIPE LOJA";"VP VAREJO";"OPERACOES LOJAS";""
"1858";"PB SUP OPERACOES";"PRESIDENCIA";"LOGISTICA";""
"1768";"PR EQUIPE DEVOLUCAO";"PRESIDENCIA";"LOGISTICA";""
"3681";"DF ENCARREGADO PICKING LOOP 1 E 2";"PRESIDENCIA";"LOGISTICA";""
"2796";"ROS - 334 - EQUIPE LOJA";"VP VAREJO";"OPERACOES LOJAS";""
"2586";"ROS - 366 - EQUIPE LOJA";"VP VAREJO";"OPERACOES VAREJO";""
"80";"PROJETOS VP CORPORATIVA";"VP CORPORATIVA";"VP CORPORATIVA";""
"67";"FACILITIES - SERVICOS GERAIS";"PRESIDENCIA";"ADMINISTRATIVO FINANCEIRA";""
"2696";"ROS - 332 - SUBGERENTE/LIDER";"VP VAREJO";"OPERACOES LOJAS";""
"2139";"GER REDES RJ e CO";"VP COMERCIAL";"VENDAS";""
"2131";"EQUIPE HOSPITALAR SEDE";"VP COMERCIAL";"VENDAS";""
"1837";"AL EQUIPE BLOQ";"PRESIDENCIA";"LOGISTICA";""
"3151";"ROS - 464 - SUBGERENTE/LIDER";"VP VAREJO";"OPERACOES VAREJO";""
"2735";"ROS - 461 - EQUIPE LOJA";"VP VAREJO";"OPERACOES LOJAS";""
"3248";"GER REDES SUL";"VP COMERCIAL";"VENDAS";""
"2503";"DML - 10 - EQUIPE LOJA";"VP VAREJO";"OPERACOES LOJAS";""
"3374";"ROS - 415 - SUBGERENTE/LIDER";"VP VAREJO";"OPERACOES LOJAS";""
"3538";"MED - SAUDE OCUPACIONAL";"PRESIDENCIA";"ADMINISTRATIVO FINANCEIRA";""
"2679";"ROS - 380 - GER FARMACEUTICO/LOJA";"VP VAREJO";"OPERACOES LOJAS";""
"3786";"TMO - 236 - SUBGERENTE/LIDER";"VP VAREJO";"OPERACOES LOJAS";""
"18";"GER DESENVOLVIMENTO VAREJO";"PRESIDENCIA";"TECNOLOGIA INFORMACAO";""
"2197";"EQUIPE (GER GPP/GRE FACILITIES)";"PRESIDENCIA";"FINANCEIRO DISTRIBUICAO";""
"1887";"BA SUP D&E";"PRESIDENCIA";"LOGISTICA";""
"2622";"ROS - 329 - SUBGERENTE/LIDER";"VP VAREJO";"OPERACOES LOJAS";""
"2324";"DML - 609 - SUBGERENTE";"VP VAREJO";"OPERACOES VAREJO";""
"2941";"TMO - 125 - GER FARMACEUTICO/LOJA";"VP VAREJO";"OPERACOES LOJAS";""
"2479";"DML - 62 - GER FARMACEUTICO/LOJA";"VP VAREJO";"OPERACOES LOJAS";""
"53";"BP DISTRIBUIÇÃO";"PRESIDENCIA";"CULTURA E GESTAO DE GENTE";""
"1828";"PE M&A QUALIDADE";"PRESIDENCIA";"LOGISTICA";""
"2212";"EQUIPES REDES PE";"VP COMERCIAL";"VENDAS";""
"3579";"GER CALL CENTER";"VP SPECIALTY";"VP SPECIALTY";""
"354";"SUP CONTAS NACIONAIS";"VP COMERCIAL";"VENDAS";""
"3510";"DML - 632 - SUBGERENTE";"VP VAREJO";"OPERACOES LOJAS";""
"1833";"PE EQUIPE M&A - T2";"PRESIDENCIA";"LOGISTICA";""
"3488";"EQUIPE SUPORTE VAREJO";"PRESIDENCIA";"TECNOLOGIA INFORMACAO";""
"190";"GER REGIONAL DML/FML 3";"VP VAREJO";"OPERACOES VAREJO";""
"1425";"SISTEMAS DISTRIBUICAO";"PRESIDENCIA";"TECNOLOGIA INFORMACAO";""
"2445";"DML - 11 - EQUIPE LOJA";"VP VAREJO";"OPERACOES LOJAS";""
"3267";"SUPERINTENDENCIA ADMINISTRATIVA";"VP CORPORATIVA";"CENTRO SERVICOS COMPARTILHADOS";""
"2873";"TMO - 111 - GER FARMACEUTICO/LOJA";"VP VAREJO";"OPERACOES LOJAS";""
"1578";"SPC EQUIPE RECONFERENCIA - T2";"PRESIDENCIA";"LOGISTICA";""
"1635";"GER RJ/ES";"VP COMERCIAL";"VENDAS";""
"2210";"SUP REDES E CONTAS PE";"VP COMERCIAL";"VENDAS";""
"3531";"EQUIPE INFRAESTRUTURA DISTRIBUICAO";"PRESIDENCIA";"TECNOLOGIA INFORMACAO";""
"3754";"TMO - 234 - EQUIPE LOJA";"VP VAREJO";"OPERACOES LOJAS";""
"1446";"CANAIS DIGITAIS";"VP COMERCIAL";"MARKETING";""
"1481";"RJ SUP FACILITIES";"PRESIDENCIA";"FINANCEIRO DISTRIBUICAO";""
"2195";"EQUIPE DIRETA SUPRIMENTOS";"PRESIDENCIA";"ADMINISTRATIVO FINANCEIRA";""
"3105";"ENCARREGADO DF 1";"VP VAREJO";"OPERACOES LOJAS";""
"2170";"GER REGIONAL OPERACOES CRDK/FOB";"PRESIDENCIA";"LOGISTICA";""
"3389";"ROS - 366 - EQUIPE LOJA";"VP VAREJO";"OPERACOES LOJAS";""
"2968";"TMO - 138 - SUBGERENTE/LIDER";"VP VAREJO";"OPERACOES LOJAS";""
"3444";"EQUIPE EXPANSAO 1";"VP VAREJO";"OPERACOES VAREJO";""
"2626";"ROS - 346 - SUBGERENTE/LIDER";"VP VAREJO";"OPERACOES VAREJO";""
"2601";"ROS - 341 - GER FARMACEUTICO/LOJA";"VP VAREJO";"OPERACOES LOJAS";""
"2182";"SUP MG - BH";"VP COMERCIAL";"VENDAS";""
"3360";"ROS - 366 - SUBGERENTE/LIDER";"VP VAREJO";"OPERACOES LOJAS";""
"1618";"SPI EQUIPE DEVOLUCAO";"PRESIDENCIA";"FINANCEIRO DISTRIBUICAO";""
"223";"GER SUPPLY CHAIN GESTAO DE PEDIDOS";"PRESIDENCIA";"SUPPLY CHAIN";""
"334";"GER TRADE MARKETING";"VP COMERCIAL";"MARKETING";""
"1709";"GO EQUIPE D&E - T1";"PRESIDENCIA";"LOGISTICA";""
"2384";"DML - 32 - EQUIPE LOJA";"VP VAREJO";"OPERACOES LOJAS";""
"3517";"ENCARREGADO VENDAS 100%";"VP COMERCIAL";"VENDAS";""
"2939";"TMO - 118 - GER FARMACEUTICO/LOJA";"VP VAREJO";"OPERACOES VAREJO";""
"2689";"ROS - 309 - SUBGERENTE/LIDER";"VP VAREJO";"OPERACOES LOJAS";""
"2568";"ROS - 447 - SUBGERENTE/LIDER";"VP VAREJO";"OPERACOES VAREJO";""
"2429";"DML - 45 - SUBGERENTE";"VP VAREJO";"OPERACOES LOJAS";""
"2892";"TMO - 103 - SUBGERENTE/LIDER";"VP VAREJO";"OPERACOES VAREJO";""
"3577";"GER LOGISTICA/OPERACOES";"VP SPECIALTY";"VP SPECIALTY";""
"3191";"COORD SAC VAREJO";"VP VAREJO";"MARKETING VAREJO";""
"2672";"ROS - 332 - GER FARMACEUTICO/LOJA";"VP VAREJO";"OPERACOES LOJAS";""
"2369";"DML - 41 - SUBGERENTE";"VP VAREJO";"OPERACOES LOJAS";""
"3732";"ROS - 390 - EQUIPE/LOJA";"VP VAREJO";"OPERACOES LOJAS";""
"2716";"ROS - 313 - EQUIPE LOJA";"VP VAREJO";"OPERACOES LOJAS";""
"12";"SUPERINTENDENCIA FINANCEIRA";"PRESIDENCIA";"ADMINISTRATIVO FINANCEIRA";""
"3637";"TMO - 226 - EQUIPE LOJA";"VP VAREJO";"OPERACOES LOJAS";""
"1404";"EQUIPE GS PERFORMANCE";"VP CORPORATIVA";"CENTRO SERVICOS COMPARTILHADOS";""
"3556";"DML - 637 - GER FARMACEUTICO/LOJA";"VP VAREJO";"OPERACOES LOJAS";""
"3255";"EQUIPE CONSULTORIA PROJETO";"PRESIDENCIA";"PRESIDENCIA";""
"2108";"MT AUTOMACAO";"PRESIDENCIA";"LOGISTICA";""
"1982";"CONTAS RJ";"VP COMERCIAL";"VENDAS";""
"2191";"RJ ENCARREGADO GPP";"PRESIDENCIA";"FINANCEIRO DISTRIBUICAO";""
"2333";"DML - 39 - EQUIPE LOJA";"VP VAREJO";"OPERACOES LOJAS";""
"3198";"GER PRECIFICACAO VAREJO";"VP VAREJO";"COMERCIAL VAREJO";""
"3311";"ES ENCARREGADO RECEBIMENTO - 02";"PRESIDENCIA";"LOGISTICA";""
"3283";"RJ M&A - T1";"PRESIDENCIA";"LOGISTICA";""
"1450";"GER MARKETING (COMUNICACAO/EVENTOS)";"VP COMERCIAL";"MARKETING";""
"1730";"DF EQUIPE D&E - T1";"PRESIDENCIA";"LOGISTICA";""
"2801";"ROS - 347 - EQUIPE LOJA";"VP VAREJO";"OPERACOES LOJAS";""
"1951";"EQUIPES RJ 3";"VP COMERCIAL";"VENDAS";""
"2417";"DML - 623 - GER FARMACEUTICO/LOJA";"VP VAREJO";"OPERACOES LOJAS";""
"2839";"TMO - 158 - SUBGERENTE/LIDER";"VP VAREJO";"OPERACOES LOJAS";""
"2543";"ROS - 447 - GER FARMACEUTICO/LOJA";"VP VAREJO";"OPERACOES VAREJO";""
"1426";"SUP SUPORTE CDs";"PRESIDENCIA";"TECNOLOGIA INFORMACAO";""
"462";"SPC SUP D&E";"PRESIDENCIA";"LOGISTICA";""
"1649";"SUP GO 1";"VP COMERCIAL";"VENDAS";""
"3573";"DIRETORIA OPERACOES SPECIALTY";"VP SPECIALTY";"VP SPECIALTY";""
"3335";"ROS - 337 - GER FARMACEUTICO/LOJA";"VP VAREJO";"OPERACOES LOJAS";""
"3339";"ROS - 465 - GER FARMACEUTICO/LOJA";"VP VAREJO";"OPERACOES LOJAS";""
"1675";"SUP BA 2";"VP COMERCIAL";"VENDAS";""
"1965";"EQUIPES SPI 3";"VP COMERCIAL";"VENDAS";""
"3705";"COORD - LOCAFARMA";"PRESIDENCIA";"LOGISTICA";""
"1640";"GER DIVISIONAL NE e CO";"VP COMERCIAL";"VENDAS";""
"1589";"SPC EQUIPE MANUTENCAO PREDIAL";"PRESIDENCIA";"FINANCEIRO DISTRIBUICAO";""
"2106";"MT EQUIPE GR";"PRESIDENCIA";"LOGISTICA";""
"1449";"SERVICOS A CLIENTES SEDE (GER)";"VP COMERCIAL";"MARKETING";""
"2528";"ROS - 319 - GER FARMACEUTICO/LOJA";"VP VAREJO";"OPERACOES LOJAS";""
"1859";"PB EQUIPE M&A QUALIDADE";"PRESIDENCIA";"LOGISTICA";""
"1873";"PB EQUIPE MANUTENCAO PREDIAL";"PRESIDENCIA";"FINANCEIRO DISTRIBUICAO";""
"3222";"EQUIPE REGIONAL TAMOIO VAREJO";"VP VAREJO";"OPERACOES VAREJO";""
"2874";"TMO - 119 - GER FARMACEUTICO/LOJA";"VP VAREJO";"OPERACOES LOJAS";""
"2850";"TMO - 194 - SUBGERENTE/LIDER";"VP VAREJO";"OPERACOES LOJAS";""
"2496";"DML - 62 - SUBGERENTE";"VP VAREJO";"OPERACOES LOJAS";""
"37";"COORD ADMINISTRATIVO";"PRESIDENCIA";"ADMINISTRATIVO FINANCEIRA";""
"65";"EQUIPE CADASTRO";"PRESIDENCIA";"ADMINISTRATIVO FINANCEIRA";""
"1432";"EQUIPE SEGURANCA DA INFORMACAO";"PRESIDENCIA";"TECNOLOGIA INFORMACAO";""
"1393";"COORD RESPONSABILIDADE SOCIAL";"PRESIDENCIA";"ESG";""
"3327";"DML - 627 - GER FARMACEUTICO/LOJA";"VP VAREJO";"OPERACOES LOJAS";""
"1803";"MG ENCARREGADO CONFERENCIA - T3";"PRESIDENCIA";"LOGISTICA";""
"2783";"ROS - 347 - SUBGERENTE/LIDER";"VP VAREJO";"OPERACOES LOJAS";""
"2641";"ROS - 302 - EQUIPE LOJA";"VP VAREJO";"OPERACOES LOJAS";""
"1780";"PR ENCARREGADO PICKING - T3";"PRESIDENCIA";"LOGISTICA";""
"2147";"GER ESG";"PRESIDENCIA";"ESG";""
"2402";"DML - 44 - GER FARMACEUTICO/LOJA";"VP VAREJO";"OPERACOES VAREJO";""
"1564";"RJ EQUIPE RECEBIMENTO - T2";"PRESIDENCIA";"LOGISTICA";""
"115";"GER DESENVOLVIMENTO ORGANIZACIONAL";"PRESIDENCIA";"CULTURA E GESTAO DE GENTE";""
"85";"COORD TRIBUTARIA 2";"VP ESTRATEGIA E FINANCAS";"TRIBUTARIA E FISCAL";""
"1753";"RS EQUIPE PICKING/CONFERENCIA - T1";"PRESIDENCIA";"LOGISTICA";""
"3379";"DML - 625 - EQUIPE LOJA";"VP VAREJO";"OPERACOES LOJAS";""
"3326";"DML - 613 - GER FARMACEUTICO/LOJA";"VP VAREJO";"OPERACOES LOJAS";""
"3462";"MT EQUIPE D&E - T3";"PRESIDENCIA";"LOGISTICA";""
"2751";"ROS - 401 - EQUIPE LOJA";"VP VAREJO";"OPERACOES LOJAS";""
"3268";"EQUIPE ADMINISTRATIVA";"VP VAREJO";"OPERACOES VAREJO";""
"3122";"DML - 3 - GER FARMACEUTICO/LOJA";"VP VAREJO";"OPERACOES LOJAS";""
"46";"COORD SUPRIMENTOS 2";"VP FINANCAS";"FINANCEIRO GRUPO";""
"215";"COORD PROJETOS VAREJO 2";"VP VAREJO";"OPERACOES VAREJO";""
"2426";"DML - 43 - SUBGERENTE";"VP VAREJO";"OPERACOES LOJAS";""
"3075";"TMO - 134 - SUBGERENTE/LIDER";"VP VAREJO";"OPERACOES LOJAS";""
"3053";"TMO - 220 - EQUIPE LOJA";"VP VAREJO";"OPERACOES LOJAS";""
"1975";"EQUIPES AL";"VP COMERCIAL";"VENDAS";""
"2376";"DML - 606 - SUBGERENTE";"VP VAREJO";"OPERACOES LOJAS";""
"2063";"EQUIPE SISTEMAS GRUPO 2";"PRESIDENCIA";"TECNOLOGIA INFORMACAO";""
"2545";"ROS - 301 - SUBGERENTE/LIDER";"VP VAREJO";"OPERACOES LOJAS";""
"3624";"DML - 644 - EQUIPE LOJA";"VP VAREJO";"OPERACOES LOJAS";""
"2500";"DML - 619 - SUBGERENTE";"VP VAREJO";"OPERACOES LOJAS";""
"2250";"DML - 96 - GER FARMACEUTICO/LOJA";"VP VAREJO";"OPERACOES LOJAS";""
"3476";"GER PLANEJAMENOT FINANCEIRO VAREJO 2";"PRESIDENCIA";"FINANCEIRO VAREJO";""
"3054";"TMO - 122 - GER FARMACEUTICO/LOJA";"VP VAREJO";"OPERACOES LOJAS";""
"2787";"ROS - 368 - SUBGERENTE/LIDER";"VP VAREJO";"OPERACOES VAREJO";""
"1497";"SUP CONTAS RJ / ES";"VP COMERCIAL";"VENDAS";""
"2264";"DML - 603 - EQUIPE LOJA";"VP VAREJO";"OPERACOES LOJAS";""
"345";"SUP CALL CENTER HIBRIDO";"VP COMERCIAL";"VENDAS";""
"3367";"ROS - 464 - SUBGERENTE/LIDER";"VP VAREJO";"OPERACOES LOJAS";""
"2157";"RJ ENCARREGADO ARMAZENAGEM - T3";"PRESIDENCIA";"LOGISTICA";""
"2904";"TMO - 147 - SUBGERENTE/LIDER";"VP VAREJO";"OPERACOES LOJAS";""
"3072";"TMO - 129 - SUBGERENTE/LIDER";"VP VAREJO";"OPERACOES LOJAS";""
"2506";"DML - 17 - EQUIPE LOJA";"VP VAREJO";"OPERACOES LOJAS";""
"3282";"RJ M&A - T2";"PRESIDENCIA";"LOGISTICA";""
"3576";"GER COMERCIAL SPECIALTY (CAMPO)";"VP SPECIALTY";"VP SPECIALTY";""
"184";"GER OPERACAO ROS";"VP VAREJO";"OPERACOES VAREJO";""
"2988";"TMO - 127 - EQUIPE LOJA";"VP VAREJO";"OPERACOES LOJAS";""
"1800";"MG EQUIPE PRODUCAO - T3";"PRESIDENCIA";"LOGISTICA";""
"1960";"EQUIPES SPC 3";"VP COMERCIAL";"VENDAS";""
"2932";"TMO - 105 - GER FARMACEUTICO/LOJA";"VP VAREJO";"OPERACOES VAREJO";""
"3663";"ES EQUIPE SPECIALTY CRDK";"VP SPECIALTY";"VP SPECIALTY";""
"3125";"DML - 626 - GER FARMACEUTICO/LOJA";"VP VAREJO";"OPERACOES VAREJO";""
"2914";"TMO - 119 - EQUIPE LOJA";"VP VAREJO";"OPERACOES LOJAS";""
"3734";"TMO - 233 - SUBGERENTE";"VP VAREJO";"OPERACOES LOJAS";""
"2292";"DML - 27 - GER FARMACEUTICO/LOJA";"VP VAREJO";"OPERACOES VAREJO";""
"2847";"TMO - 191 - SUBGERENTE/LIDER";"VP VAREJO";"OPERACOES VAREJO";""
"2236";"RTM - INDEPENDENTES E ASSOCIACOES - EQUIPE";"VP COMERCIAL";"PLANEJAMENTO DE VENDAS";""
"194";"GER REGIONAL ROS 3";"VP VAREJO";"OPERACOES LOJAS";""
"2495";"DML - 59 - SUBGERENTE";"VP VAREJO";"OPERACOES LOJAS";""
"3296";"SUP CONTAS RJ";"VP COMERCIAL";"VENDAS";""
"3793";"PE EQUIPE M&A";"PRESIDENCIA";"LOGISTICA";""
"3403";"ROS - 415 - EQUIPE LOJA";"VP VAREJO";"OPERACOES LOJAS";""
"447";"RJ ENCARREGADO EXPEDICAO - T3";"PRESIDENCIA";"LOGISTICA";""
"1883";"BA EQUIPE PRODUCAO - T2";"PRESIDENCIA";"LOGISTICA";""
"1666";"SUP SPC 2";"VP COMERCIAL";"VENDAS";""
"1690";"GO EQUIPE GPP";"PRESIDENCIA";"FINANCEIRO DISTRIBUICAO";""
"2983";"TMO - 114 - EQUIPE LOJA";"VP VAREJO";"OPERACOES LOJAS";""
"3451";"EQUIPE ESPECIALISTA E-COMMERCE VAREJO";"VP VAREJO";"OPERACOES VAREJO";""
"3746";"ROS - 472 - GER FARMACEUTICO/LOJA";"VP VAREJO";"OPERACOES VAREJO";""
"2590";"ROS - 438 - EQUIPE LOJA";"VP VAREJO";"OPERACOES VAREJO";""
"19";"GER SISTEMAS VAREJO";"PRESIDENCIA";"TECNOLOGIA INFORMACAO";""
"3076";"TMO - 140 - SUBGERENTE/LIDER";"VP VAREJO";"OPERACOES LOJAS";""
"2418";"DML - 624 - GER FARMACEUTICO/LOJA";"VP VAREJO";"OPERACOES LOJAS";""
"1850";"RN EQUIPE FATURAMENTO";"PRESIDENCIA";"LOGISTICA";""
"2785";"ROS - 360 - SUBGERENTE/LIDER";"VP VAREJO";"OPERACOES LOJAS";""
"3163";"DML - 40 - EQUIPE LOJA";"VP VAREJO";"OPERACOES LOJAS";""
"3740";"TMO - 221 - SUBGERENTE";"VP VAREJO";"OPERACOES LOJAS";""
"3351";"DML - 626 - SUBGERENTE";"VP VAREJO";"OPERACOES LOJAS";""
"2877";"TMO - 127 - GER FARMACEUTICO/LOJA";"VP VAREJO";"OPERACOES VAREJO";""
"1809";"MG EQUIPE CUSTOS";"PRESIDENCIA";"LOGISTICA";""
"211";"COORD GC";"PRESIDENCIA";"SUPPLY CHAIN VAREJO";""
"2667";"ROS - 312 - GER FARMACEUTICO/LOJA";"VP VAREJO";"OPERACOES LOJAS";""
"2661";"ROS - 425 - EQUIPE LOJA";"VP VAREJO";"OPERACOES LOJAS";""
"2268";"DML - 85 - GER FARMACEUTICO/LOJA";"VP VAREJO";"OPERACOES LOJAS";""
"2069";"GER PLANEJAMENTO DE VENDAS";"VP COMERCIAL";"PLANEJAMENTO DE VENDAS";""
"2431";"DML - 65 - SUBGERENTE";"VP VAREJO";"OPERACOES LOJAS";""
"2742";"ROS - 437 - GER FARMACEUTICO/LOJA";"VP VAREJO";"OPERACOES LOJAS";""
"2931";"TMO - 104 - GER FARMACEUTICO/LOJA";"VP VAREJO";"OPERACOES LOJAS";""
"2049";"GER MT";"VP COMERCIAL";"VENDAS";""
"1657";"SUP RJ 2";"VP COMERCIAL";"VENDAS";""
"3192";"EQUIPE SAC VAREJO";"VP VAREJO";"MARKETING VAREJO";""
"2478";"DML - 59 - GER FARMACEUTICO/LOJA";"VP VAREJO";"OPERACOES LOJAS";""
"2258";"DML - 603 - SUBGERENTE";"VP VAREJO";"OPERACOES VAREJO";""
"3739";"TMO - 221 - GER FARMACEUTICO/LOJA";"VP VAREJO ";"OPERACOES LOJAS";""
"3000";"TMO - 113 - GER FARMACEUTICO/LOJA";"VP VAREJO";"OPERACOES LOJAS";""
"1911";"DIRETORIA MARKETING";"VP COMERCIAL";"DISTRIBUICAO";""
"52";"EQUIPE FINANCEIRO PFS";"PRESIDENCIA";"FINANCEIRO DISTRIBUICAO";""
"2554";"ROS - 327 - SUBGERENTE/LIDER";"VP VAREJO";"OPERACOES LOJAS";""
"3146";"DML - 625 - SUBGERENTE";"VP VAREJO";"OPERACOES VAREJO";""
"1957";"EQUIPES ES";"VP COMERCIAL";"VENDAS";""
"1389";"DIRETORIA MARKETING";"PRESIDENCIA";"MARKETING";""
"1439";"EQUIPE DESENVOLVIMENTO ORGANIZACIONAL";"PRESIDENCIA";"CULTURA E GESTAO DE GENTE";""
"3416";"ROS - EQUIPE NOVAS LOJAS";"VP VAREJO";"OPERACOES LOJAS";""
"3381";"DML - 622 - EQUIPE LOJA";"VP VAREJO";"OPERACOES LOJAS";""
"340";"COORD SERVICOS A CLIENTES";"VP COMERCIAL";"MARKETING";""
"1943";"EQUIPES RS 2";"VP COMERCIAL";"VENDAS";""
"2548";"ROS - 314 - SUBGERENTE/LIDER";"VP VAREJO";"OPERACOES VAREJO";""
"3170";"DML - 628 - EQUIPE LOJA";"VP VAREJO";"OPERACOES VAREJO";""
"1853";"RN EQUIPE M&A";"PRESIDENCIA";"LOGISTICA";""
"1631";"GER PR/SC";"VP COMERCIAL";"VENDAS";""
"1597";"SPC EQUIPE CRDK/FOB - T2";"PRESIDENCIA";"LOGISTICA";""
"3761";"EQUIPE REGULATÓRIO PFS";"VP VAREJO";"OPERACOES VAREJO";""
"3368";"ROS - 465 - SUBGERENTE/LIDER";"VP VAREJO";"OPERACOES LOJAS";""
"1848";"RN EQUIPE BLOQ";"PRESIDENCIA";"LOGISTICA";""
"2346";"DML - 6 - GER FARMACEUTICO/LOJA";"VP VAREJO";"OPERACOES LOJAS";""
"1767";"PR EQUIPE MANUTENCAO PREDIAL";"PRESIDENCIA";"FINANCEIRO DISTRIBUICAO";""
"2800";"ROS - 345 - EQUIPE LOJA";"VP VAREJO";"OPERACOES LOJAS";""
"1914";"ES EQUIPE DEVOLUCAO";"PRESIDENCIA";"LOGISTICA";""
"2284";"DML - 85 - EQUIPE LOJA";"VP VAREJO";"OPERACOES LOJAS";""
"3235";"ESPECIALISTA INTELIGENCIA DE MERCADO";"VP COMERCIAL";"PLANEJAMENTO VENDAS";""
"226";"EQUIPE SUPPLY CHAIN GESTAO PEDIDOS";"PRESIDENCIA";"SUPPLY CHAIN";""
"3405";"ROS - 368 - EQUIPE LOJA";"VP VAREJO";"OPERACOES LOJAS";""
"3529";"SPC BOMBEIRO CIVIL";"PRESIDENCIA";"FINANCEIRO DISTRIBUICAO";""
"3178";"ROS - 378 - EQUIPE LOJA";"VP VAREJO";"OPERACOES VAREJO";""
"3176";"ROS - 337 - EQUIPE LOJA";"VP VAREJO";"OPERACOES VAREJO";""
"1523";"RJ ENCARREGADO PICKING BAIXO - T1";"PRESIDENCIA";"LOGISTICA";""
"3044";"TMO - 155 - EQUIPE LOJA";"VP VAREJO";"OPERACOES LOJAS";""
"208";"GER INTELIGENCIA MERCADO VAREJO";"PRESIDENCIA";"SUPPLY CHAIN VAREJO";""
"3355";"DML - 613 - SUBGERENTE";"VP VAREJO";"OPERACOES LOJAS";""
"999999999";"Filial São Paulo";"NAO INFORMADO";"NAO INFORMADO";""
"2485";"DML - 622 - GER FARMACEUTICO/LOJA";"VP VAREJO";"OPERACOES VAREJO";""
"2781";"ROS - 344 - SUBGERENTE/LIDER";"VP VAREJO";"OPERACOES LOJAS";""
"2515";"DML - 605 - EQUIPE LOJA";"VP VAREJO";"OPERACOES LOJAS";""
"181";"GER OBRAS PROJETOS";"VP VAREJO";"OPERACOES VAREJO";""
"3442";"EQUIPE MEX 2";"VP VAREJO";"MARKETING VAREJO";""
"3373";"ROS - 410 - SUBGERENTE/LIDER";"VP VAREJO";"OPERACOES VAREJO";""
"1825";"PE EQUIPE GPP";"PRESIDENCIA";"FINANCEIRO DISTRIBUICAO";""
"34";"COORD ADMINISTRACAO DE PESSOAL - BENEFICIOS";"PRESIDENCIA";"ADMINISTRATIVO FINANCEIRA";""
"262";"SUP RJ/MG - SANFONI";"VP COMERCIAL";"VENDAS";""
"3782";"ROS - 477 - GER FARMACEUTICO/LOJA";"VP VAREJO";"OPERACOES LOJAS";""
"3148";"DML - 626 - SUBGERENTE";"VP VAREJO";"OPERACOES VAREJO";""
"2309";"DML - 7 - SUBGERENTE";"VP VAREJO";"OPERACOES LOJAS";""
"3409";"ROS - 412 - GER FARMACEUTICO/LOJA";"VP VAREJO";"OPERACOES LOJAS";""
"3112";"DML - 51 - GER FARMACEUTICO/LOJA";"VP VAREJO";"OPERACOES LOJAS";""
"3139";"DML - 5 - SUBGERENTE";"VP VAREJO";"OPERACOES LOJAS";""
"2662";"ROS - 462 - EQUIPE LOJA";"VP VAREJO";"OPERACOES VAREJO";""
"3338";"ROS - 464 - GER FARMACEUTICO/LOJA";"VP VAREJO";"OPERACOES LOJAS";""
"3769";"DIRETORIA COMERCIAL HOSPITALAR SPECIALTY";"VP SPECIALTY";"COMERCIAL HOSPITALAR";""
"70";"EQUIPE ADMINISTRACAO DE PESSOAL - BENEFICIOS";"PRESIDENCIA";"ADMINISTRATIVO FINANCEIRA";""
"3515";"DF EQUIPE ESTOQUE/ ARMAZENAGEM T3";"PRESIDENCIA";"LOGISTICA";""
"1659";"SUP CONTAS RJ/ES";"VP COMERCIAL";"VENDAS";""
"2690";"ROS - 310 - SUBGERENTE/LIDER";"VP VAREJO";"OPERACOES VAREJO";""
"2214";"SUP PE 4";"VP COMERCIAL";"VENDAS";""
"2740";"ROS - 408 - GER FARMACEUTICO/LOJA";"VP VAREJO";"OPERACOES LOJAS";""
"1584";"SPC EQUIPE DEVOLUCAO";"PRESIDENCIA";"FINANCEIRO DISTRIBUICAO";""
"3562";"DML - 635 - GER FARMACEUTICO/LOJA";"VP VAREJO";"OPERACOES LOJAS";""
"3443";"GER OPERACAO MT";"VP VAREJO";"OPERACOES VAREJO";""
"2816";"TMO - 123 - GER FARMACEUTICO/LOJA";"VP VAREJO";"OPERACOES LOJAS";""
"2295";"DML - 39 - GER FARMACEUTICO/LOJA";"VP VAREJO";"OPERACOES LOJAS";""
"3144";"DML - 18 - SUBGERENTE";"VP VAREJO";"OPERACOES LOJAS";""
"1471";"ES EQUIPE BLOQ";"PRESIDENCIA";"FINANCEIRO DISTRIBUICAO";""
"3792";"EQUIPE REDES RJ 2";"VP COMERCIAL";"VENDAS";""
"1473";"EQUIPE COBRANCA SEDE";"PRESIDENCIA";"FINANCEIRO DISTRIBUICAO";""
"2253";"DML - 68 - SUBGERENTE";"VP VAREJO";"OPERACOES LOJAS";""
"2658";"ROS - 371 - EQUIPE LOJA";"VP VAREJO";"OPERACOES LOJAS";""
"1794";"MG EQUIPE RECEBIMENTO - T1";"PRESIDENCIA";"LOGISTICA";""
"3093";"TMO - 141 - EQUIPE LOJA";"VP VAREJO";"OPERACOES LOJAS";""
"1760";"RS ENCARREGADO D&E - T1";"PRESIDENCIA";"LOGISTICA";""
"3527";"BA BOMBEIRO CIVIL";"PRESIDENCIA";"FINANCEIRO DISTRIBUICAO";""
"3136";"DML - 37 - SUBGERENTE";"VP VAREJO";"OPERACOES LOJAS";""
"127";"COORD BP CORPORATIVA";"PRESIDENCIA";"CULTURA E GESTAO DE GENTE";""
"2529";"ROS - 327 - GER FARMACEUTICO/LOJA";"VP VAREJO";"OPERACOES LOJAS";""
"999999996";"USO FUTURO N1";"1";"1";""
"2905";"TMO - 154 - SUBGERENTE/LIDER";"VP VAREJO";"OPERACOES LOJAS";""
"3708";"ESPEC. COMERCIAL RX";"VP COMERCIAL";"COMERCIAL";""
"1680";"SUP PE 1";"VP COMERCIAL";"VENDAS";""
"1813";"MG EQUIPE GR";"PRESIDENCIA";"FINANCEIRO DISTRIBUICAO";""
"33";"COORD ADMINISTRACAO DE PESSOAL - FOLHA";"PRESIDENCIA";"ADMINISTRATIVO FINANCEIRA";""
"1787";"PR EQUIPE D&E - T3";"PRESIDENCIA";"LOGISTICA";""
"202";"EQUIPE PROJETOS VAREJO 1";"VP VAREJO";"OPERACOES VAREJO";""
"2468";"DML - 624 - EQUIPE LOJA";"VP VAREJO";"OPERACOES LOJAS";""
"3651";"ENCARREGADO SAC VAREJO";"VP VAREJO";"MARKETING VAREJO";""
"3066";"TMO - 180 - GER FARMACEUTICO/LOJA";"VP VAREJO";"OPERACOES LOJAS";""
"3041";"TMO - 150 - EQUIPE LOJA";"VP VAREJO";"OPERACOES LOJAS";""
"2427";"DML - 44 - SUBGERENTE";"VP VAREJO";"OPERACOES VAREJO";""
"2948";"TMO - 157 - GER FARMACEUTICO/LOJA";"VP VAREJO";"OPERACOES LOJAS";""
"2338";"DML - 79 - EQUIPE LOJA";"VP VAREJO";"OPERACOES LOJAS";""
"3806";"COORD FINAN. - CONTAS A RECEBER";"PRESIDENCIA";"FINANCEIRO VAREJO";""
"228";"GER PLANEJAMENTO VENDAS";"VP COMERCIAL";"PLANEJAMENTO DE VENDAS";""
"2654";"ROS - 355 - EQUIPE LOJA";"VP VAREJO";"OPERACOES LOJAS";""
"3561";"DML - 638 - EQUIPE LOJA";"VP VAREJO";"OPERACOES LOJAS";""
"3063";"TMO - 160 - GER FARMACEUTICO/LOJA";"VP VAREJO";"OPERACOES LOJAS";""
"3247";"BA EQUIPE RECEBIMENTO - T2";"PRESIDENCIA";"LOGISTICA";""
"2435";"DML - 72 - SUBGERENTE";"VP VAREJO";"OPERACOES VAREJO";""
"2799";"ROS - 344 - EQUIPE LOJA";"VP VAREJO";"OPERACOES LOJAS";""
"3692";"SPI EQUIPE CGG";"PRESIDENCIA ";"CULTURA E GESTAO DE GENTE";""
"1671";"SUP SPI 2";"VP COMERCIAL";"VENDAS";""
"2956";"TMO - 105 - SUBGERENTE/LIDER";"VP VAREJO";"OPERACOES LOJAS";""
"2739";"ROS - 403 - GER FARMACEUTICO/LOJA";"VP VAREJO";"OPERACOES LOJAS";""
"3503";"SUP BA 5";"VP COMERCIAL";"VP COMERCIAL";""
"3425";"GER PROJETOS 3";"PRESIDENCIA";"PRESIDENCIA";""
"2379";"DML - 12 - EQUIPE LOJA";"VP VAREJO";"OPERACOES VAREJO";""
"3236";"MG SUP FACILITIES";"PRESIDENCIA";"FINANCEIRO DISTRIBUICAO";""
"3352";"DML - 622 - SUBGERENTE";"VP VAREJO";"OPERACOES LOJAS";""
"94";"EQUIPE COORD TRIBUTARIA 1";"VP ESTRATEGIA E FINANCAS";"TRIBUTARIA E FISCAL";""
"999999998";"Filial Rio De Janeiro";"1";"1";""
"2232";"MG ENCARREGADO PRODUCAO - T2";"PRESIDENCIA";"LOGISTICA";""
"167";"EQUIPE MARKETING VAREJO 1";"VP VAREJO";"MARKETING VAREJO";""
"1486";"RJ ENCARREGADO GR 1";"PRESIDENCIA";"FINANCEIRO DISTRIBUICAO";""
"1679";"SUP REDES BA/SE";"VP COMERCIAL";"VENDAS";""
"3215";"EQUIPE ESPECIALISTA FARMA";"VP VAREJO";"MARKETING VAREJO";""
"1353";"EQUIPE PROJETOS";"PRESIDENCIA";"LOGISTICA";""
"2822";"TMO - 169 - GER FARMACEUTICO/LOJA";"VP VAREJO";"OPERACOES VAREJO";""
"240";"SUPERINTENDENCIA CONTAS E REDES";"VP COMERCIAL";"VENDAS";""
"2111";"MT EQUIPE M&A QUALIDADE";"PRESIDENCIA";"LOGISTICA";""
"218";"DIRETORIA LOGISTICA";"PRESIDENCIA";"LOGISTICA";""
"2920";"TMO - 142 - EQUIPE LOJA";"VP VAREJO";"OPERACOES LOJAS";""
"1";"PRESIDENCIA";"PRESIDENCIA";"PRESIDENCIA";""
"2458";"DML - 67 - EQUIPE LOJA";"VP VAREJO";"OPERACOES LOJAS";""
"1670";"SUP SPI 1";"VP COMERCIAL";"VENDAS";""
"2884";"TMO - 147 - GER FARMACEUTICO/LOJA";"VP VAREJO";"OPERACOES LOJAS";""
"3269";"EQUIPE TRIBUTARIO";"VP ESTRATEGIA E FINANCAS";"JURIDICO";""
"3661";"ES ENC CRDK SPECIALTY";"VP SPECIALTY";"VP SPECIALTY";""
"2576";"ROS - 316 - EQUIPE LOJA";"VP VAREJO";"OPERACOES LOJAS";""
"2091";"COORD FACILITIES DIST";"PRESIDENCIA";"FINANCEIRO DISTRIBUICAO";""
"3497";"ROS - 473 - SUBGERENTE/LIDER";"VP VAREJO";"OPERACOES VAREJO";""
"3427";"EQUIPES SPC 5";"VP COMERCIAL";"VENDAS";""
"2933";"TMO - 105 - GER FARMACEUTICO/LOJA";"VP VAREJO";"OPERACOES LOJAS";""
"3061";"TMO - 141 - GER FARMACEUTICO/LOJA";"VP VAREJO";"OPERACOES LOJAS";""
"1938";"EQUIPES PR 3";"VP COMERCIAL";"VENDAS";""
"1373";"REVENUE MANAGEMENT EQUIPE";"VP COMERCIAL";"PLANEJAMENTO VENDAS";""
"1934";"ES ENCARREGADO CRDK, M&A - CUSTOS - T1";"PRESIDENCIA";"LOGISTICA";""
"2154";"EQUIPE GESTAO COMERCIAL";"VP COMERCIAL";"PLANEJAMENTO VENDAS";""
"3420";"COORD SISTEMAS VAREJO 1";"PRESIDENCIA";"TECNOLOGIA INFORMACAO";""
"216";"EQUIPE PROJETOS VAREJO 2";"VP VAREJO";"OPERACOES VAREJO";""
"2616";"ROS - 462 - GER FARMACEUTICO/LOJA";"VP VAREJO";"OPERACOES VAREJO";""
"1379";"COMERCIAL OTC";"VP COMERCIAL";"COMERCIAL";""
"1947";"EQUIPES DF";"VP COMERCIAL";"VENDAS";""
"1743";"RS EQUIPE GPP";"PRESIDENCIA";"FINANCEIRO DISTRIBUICAO";""
"143";"EQUIPE GER TREINAMENTO VAREJO";"PRESIDENCIA";"CULTURA E GESTAO DE GENTE";""
"1372";"GER REVENUE MANAGEMENT";"VP COMERCIAL";"PLANEJAMENTO VENDAS";""
"1921";"ES EQUIPE M&A - T1";"PRESIDENCIA";"LOGISTICA";""
"1429";"SUP PRODUCAO TI";"PRESIDENCIA";"TECNOLOGIA INFORMACAO";""
"1633";"GER GO/DF";"VP COMERCIAL";"VENDAS";""
"1726";"DF ENCARREGADO CONFERENCIA - T3";"PRESIDENCIA";"LOGISTICA";""
"1434";"SUPERINTENDENCIA BP VAREJO";"PRESIDENCIA";"CULTURA E GESTAO DE GENTE";""
"2471";"DML - 15 - GER FARMACEUTICO/LOJA";"VP VAREJO";"OPERACOES LOJAS";""
"1880";"BA ENCARREGADO PRODUCAO/ABASTECIMENTO - T1";"PRESIDENCIA";"LOGISTICA";""
"3466";"MT EQUIPE M&A PRODUCAO - T1";"PRESIDENCIA";"LOGISTICA";""
"3224";"EQUIPE REGIONAL ROSARIO VAREJO";"VP VAREJO";"OPERACOES VAREJO";""
"1595";"SPC ENCARREGADO CRDK/FOB - T2";"PRESIDENCIA";"LOGISTICA";""
"146";"EQUIPE PROJETOS 2";"PRESIDENCIA";"PRESIDENCIA";""
"3763";"DF EQUIPE GPP E GR SPECIALTY";"PRESIDENCIA";"FINANCEIRO DISTRIBUICAO";""
"1403";"EQUIPE GRO";"PRESIDENCIA";"FINANCEIRO DISTRIBUICAO";""
"2793";"ROS - 325 - EQUIPE LOJA";"VP VAREJO";"OPERACOES LOJAS";""
"2129";"GER ARQUITETURA DE DADOS";"PRESIDENCIA";"TECNOLOGIA INFORMACAO";""
"2325";"DML - 613 - SUBGERENTE";"VP VAREJO";"OPERACOES VAREJO";""
"1464";"GER CREDITO";"PRESIDENCIA";"FINANCEIRO DISTRIBUICAO";""
"3297";"SUPERINTENDENCIA PLANEJAMENTO LOGISTICO";"PRESIDENCIA";"LOGISTICA";""
"1489";"RJ EQUIPE GR 2";"PRESIDENCIA";"FINANCEIRO DISTRIBUICAO";""
"2713";"ROS - 309 - EQUIPE LOJA";"VP VAREJO";"OPERACOES LOJAS";""
"139";"EQUIPE BP VAREJO";"PRESIDENCIA";"CULTURA E GESTAO DE GENTE";""
"3722";"BA EQUIPE SEPARACAO - T3";"PRESIDENCIA";"LOGISTICA";""
"2809";"ROS - 386 - EQUIPE LOJA";"VP VAREJO";"OPERACOES LOJAS";""
"2117";"CONTAS SPC";"VP COMERCIAL";"VENDAS";""
"2573";"ROS - 314 - EQUIPE LOJA";"VP VAREJO";"OPERACOES VAREJO";""
"1688";"GER REGIONAL OPERACOES CO e MG";"PRESIDENCIA";"LOGISTICA";""
"3404";"ROS - 414 - EQUIPE LOJA";"VP VAREJO";"OPERACOES LOJAS";""
"2281";"DML - 74 - EQUIPE LOJA";"VP VAREJO";"OPERACOES LOJAS";""
"1575";"SPC ENCARREGADO ESTOQUE/QUALIDADE - T3";"PRESIDENCIA";"LOGISTICA";""
"3441";"EQUIPE MARKETING VAREJO E CONVENIO";"VP VAREJO";"MARKETING VAREJO";""
"3586";"ROS - 468 - GER FARMACEUTICO/LOJA";"VP VAREJO";"OPERACOES VAREJO";""
"2823";"TMO - 173 - GER FARMACEUTICO/LOJA";"VP VAREJO";"OPERACOES LOJAS";""
"1561";"RJ ENCARREGADO RECEBIMENTO - T1";"PRESIDENCIA";"LOGISTICA";""
"2047";"DIVISIONAL SP - EQUIPE";"VP COMERCIAL";"VENDAS";""
"3107";"EQUIPE CALL CENTER DF";"VP VAREJO";"OPERACOES LOJAS";""
"2511";"DML - 52 - EQUIPE LOJA";"VP VAREJO";"OPERACOES LOJAS";""
"1531";"RJ ENCARREGADO PICKING BAIXO - T2";"PRESIDENCIA";"LOGISTICA";""
"3272";"VP COMERCIAL";"VP COMERCIAL";"DISTRIBUICAO";""
"3126";"ROS - 324 - GER FARMACEUTICO/LOJA";"VP VAREJO";"OPERACOES VAREJO";""
"2885";"TMO - 154 - GER FARMACEUTICO/LOJA";"VP VAREJO";"OPERACOES LOJAS";""
"1559";"RJ ENCARREGADO BLOQ";"PRESIDENCIA";"LOGISTICA";""
"1431";"COORD SEGURANCA DA INFORMACAO";"PRESIDENCIA";"TECNOLOGIA INFORMACAO";""
"1819";"MG ENCARREGADO D&E - T3";"PRESIDENCIA";"LOGISTICA";""
"126";"COORD ATRACAO SELECAO VAREJO";"PRESIDENCIA";"CULTURA E GESTAO DE GENTE";""
"1422";"EQUIPE SISTEMAS VAREJO";"PRESIDENCIA";"TECNOLOGIA INFORMACAO";""
"2452";"DML - 44 - EQUIPE LOJA";"VP VAREJO";"OPERACOES VAREJO";""
"2922";"TMO - 145 - EQUIPE LOJA";"VP VAREJO";"OPERACOES LOJAS";""
"2961";"TMO - 117 - SUBGERENTE/LIDER";"VP VAREJO";"OPERACOES LOJAS";""
"1772";"PR EQUIPE CUSTOS";"PRESIDENCIA";"LOGISTICA";""
"2437";"DML - 78 - SUBGERENTE";"VP VAREJO";"OPERACOES LOJAS";""
"3175";"ROS - 376 - EQUIPE LOJA";"VP VAREJO";"OPERACOES VAREJO";""
"3491";"GER REDES RJ e CO";"VP COMERCIAL";"VENDAS";""
"1576";"SPC EQUIPE ESTOQUE/QUALIDADE - T3";"PRESIDENCIA";"LOGISTICA";""
"2460";"DML - 72 - EQUIPE LOJA";"VP VAREJO";"OPERACOES VAREJO";""
"165";"EQUIPE MEX 1";"VP VAREJO";"MARKETING VAREJO";""
"2612";"ROS - 371 - GER FARMACEUTICO/LOJA";"VP VAREJO";"OPERACOES LOJAS";""
"2974";"TMO - 184 - SUBGERENTE/LIDER";"VP VAREJO";"OPERACOES LOJAS";""
"2267";"DML - 84 - GER FARMACEUTICO/LOJA";"VP VAREJO";"OPERACOES LOJAS";""
"3537";"DML - 30 - EQUIPE LOJA";"VP VAREJO";"OPERACOES LOJAS";""
"2773";"ROS - 386 - GER FARMACEUTICO/LOJA";"VP VAREJO";"OPERACOES LOJAS";""
"1786";"PR ENCARREGADO D&E - T3";"PRESIDENCIA";"LOGISTICA";""
"999999";"MIGRAÇÃO";"1";"1";""
"36";"INATIVO";"";"";""
"2938";"TMO - 117 - GER FARMACEUTICO/LOJA";"VP VAREJO";"OPERACOES LOJAS";""
"3713";"EQUIPE COMPRAS";"VP SPECIALTY";"VP SPECIALTY";""
"1735";"DF EQUIPE MANUTENCAO PREDIAL";"PRESIDENCIA";"FINANCEIRO DISTRIBUICAO";""
"134";"DO - ENDOMARKETING";"PRESIDENCIA";"CULTURA E GESTAO DE GENTE";""
"3018";"TMO - 113 - SUBGERENTE/LIDER";"VP VAREJO";"OPERACOES LOJAS";""
"2262";"DML - 96 - EQUIPE LOJA";"VP VAREJO";"OPERACOES LOJAS";""
"2051";"SUP MT 2";"VP COMERCIAL";"VENDAS";""
"2711";"ROS - 461 - SUBGERENTE/LIDER";"VP VAREJO";"OPERACOES LOJAS";""
"2144";"SUP CONTAS GO / DF";"VP COMERCIAL";"VENDAS";""
"3189";"COORD INTELIGENCIA DE MERCADO VAREJO";"VP VAREJO";"VP VAREJO";""
"2084";"RJ EQUIPE ADM AUTOMACAO";"PRESIDENCIA";"LOGISTICA";""
"1758";"RS ENCARREGADO CONFERENCIA - T3";"PRESIDENCIA";"LOGISTICA";""
"1876";"SE/BA SUP M&A";"PRESIDENCIA";"LOGISTICA";""
"3190";"EQUIPE INTELIGENCIA DE MERCADO VAREJO";"PRESIDENCIA";"SUPPLY CHAIN VAREJO";""
"125";"GER BP DISTRIBUICAO OPERACOES";"PRESIDENCIA";"CULTURA E GESTAO DE GENTE";""
"178";"SUPERINTENDENCIA OPERACOES";"VP VAREJO";"OPERACOES VAREJO";""
"3711";"ESPEC. COMERCIAL OTC";"VP COMERCIAL";"COMERCIAL";""
"2670";"ROS - 322 - GER FARMACEUTICO/LOJA";"VP VAREJO";"OPERACOES LOJAS";""
"2965";"TMO - 127 - SUBGERENTE/LIDER";"VP VAREJO";"OPERACOES LOJAS";""
"2272";"DML - 612 - GER FARMACEUTICO/LOJA";"VP VAREJO";"OPERACOES LOJAS";""
"2844";"TMO - 174 - SUBGERENTE/LIDER";"VP VAREJO";"OPERACOES LOJAS";""
"2314";"DML - 39 - SUBGERENTE";"VP VAREJO";"OPERACOES LOJAS";""
"2563";"ROS - 374 - SUBGERENTE/LIDER";"VP VAREJO";"OPERACOES LOJAS";""
"1714";"DF ENCARREGADO PICKING/LOOP 1 E 2 - T1";"PRESIDENCIA";"LOGISTICA";""
"3177";"ROS - 407 - EQUIPE LOJA";"VP VAREJO";"OPERACOES VAREJO";""
"1357";"EQUIPE PLANEJAMENTO LOGISTICO";"PRESIDENCIA";"LOGISTICA";""
"2595";"ROS - 302 - GER FARMACEUTICO/LOJA";"VP VAREJO";"OPERACOES LOJAS";""
"2849";"TMO - 193 - SUBGERENTE/LIDER";"VP VAREJO";"OPERACOES LOJAS";""
"3062";"TMO - 151 - GER FARMACEUTICO/LOJA";"VP VAREJO";"OPERACOES LOJAS";""
"2002";"PLANEJAMENTO VENDAS EQUIPE";"VP COMERCIAL";"PLANEJAMENTO VENDAS";""
"3667";"EQUIPE CGG SPECIALTY";"PRESIDENCIA";"CULTURA E GESTAO DE GENTE";""
"1792";"MG EQUIPE M&A QUALIDADE";"PRESIDENCIA";"LOGISTICA";""
"2450";"DML - 29 - EQUIPE LOJA";"VP VAREJO";"OPERACOES LOJAS";""
"2741";"ROS - 417 - GER FARMACEUTICO/LOJA";"VP VAREJO";"OPERACOES LOJAS";""
"3535";"DML - 30 - GER FARMACEUTICO/LOJA";"VP VAREJO";"OPERACOES LOJAS";""
"3666";"EQUIPE CADASTRO SPECIALTY";"PRESIDENCIA";"ADMINISTRATIVO FINANCEIRA";""
"3250";"GER GOVERNANCA COMERCIAL";"VP COMERCIAL";"COMERCIAL";""
"3015";"TMO - 188 - GER FARMACEUTICO/LOJA";"VP VAREJO";"OPERACOES LOJAS";""
"174";"RX";"VP VAREJO";"COMERCIAL VAREJO";""
"2494";"DML - 52 - SUBGERENTE";"VP VAREJO";"OPERACOES LOJAS";""
"1920";"ES ENCARREGADO M&A - T3";"PRESIDENCIA";"LOGISTICA";""
"2987";"TMO - 125 - EQUIPE LOJA";"VP VAREJO";"OPERACOES LOJAS";""
"1532";"RJ EQUIPE PICKING BAIXO - T2";"PRESIDENCIA";"LOGISTICA";""
"3008";"TMO - 155 - GER FARMACEUTICO/LOJA";"VP VAREJO";"OPERACOES LOJAS";""
"3471";"PE EQUIPE DEVOLUCAO";"PRESIDENCIA";"LOGISTICA";""
"89";"EQUIPE AUDITORIA";"VP ESTRATEGIA E FINANCAS";"AUDITORIA E COMPLIANCE";""
"1740";"DF EQUIPE FATURAMENTO";"PRESIDENCIA";"LOGISTICA";""
"1829";"PE EQUIPE D&E TRANSPORTE";"PRESIDENCIA";"LOGISTICA";""
"2830";"TMO - 194 - GER FARMACEUTICO/LOJA";"VP VAREJO";"OPERACOES LOJAS";""
"114";"EQUIPE CONTABIL VAREJO";"PRESIDENCIA";"FINANCEIRO VAREJO";""
"3475";"GER COMERCIAL NAO MEDICAMENTOS VAREJO";"VP VAREJO";"COMERCIAL VAREJO";""
"3329";"DML - 44 - GER FARMACEUTICO/LOJA";"VP VAREJO";"OPERACOES LOJAS";""
"2749";"ROS - 437 - SUBGERENTE/LIDER";"VP VAREJO";"OPERACOES LOJAS";""
"2577";"ROS - 318 - EQUIPE LOJA";"VP VAREJO";"OPERACOES LOJAS";""
"149";"DIRETORIA EXECUTIVA OPERACOES VAREJO";"VP VAREJO";"OPERACOES VAREJO";""
"3089";"TMO - 130 - EQUIPE LOJA";"VP VAREJO";"OPERACOES LOJAS";""
"2594";"ROS - 448 - EQUIPE LOJA";"VP VAREJO";"OPERACOES VAREJO";""
"2028";"SUP MG";"VP COMERCIAL";"VENDAS";""
"3660";"DF EQUIPE SPECIALTY";"VP SPECIALTY";"VP SPECIALTY";""
"1524";"RJ EQUIPE PICKING BAIXO - T1";"PRESIDENCIA";"LOGISTICA";""
"110";"FACILITIES";"PRESIDENCIA";"ADMINISTRATIVO FINANCEIRA";""
"1619";"SPI EQUIPE FATURAMENTO";"PRESIDENCIA";"LOGISTICA";""
"3600";"GER CGG SPECIALTY";"PRESIDENCIA";"CULTURA E GESTAO DE GENTE";""
"30";"GER CADASTRO";"PRESIDENCIA";"ADMINISTRATIVO FINANCEIRA";""
"3563";"DML - 635 - SUBGERENTE";"VP VAREJO";"OPERACOES LOJAS";""
"229";"GER EQUIPES EXCLUSIVAS";"VP COMERCIAL";"VENDAS";""
"3519";"MG LOCARFARMA ENCARREGADO";"PRESIDENCIA";"LOGISTICA";""
"1407";"PLANEJAMENTO VP CORP - BI";"VP CORPORATIVA";"CENTRO SERVICOS COMPARTILHADOS";""
"6";"DIRETORIA INOVACAO";"PRESIDENCIA";"INOVACAO";""
"3116";"DML - 5 - GER FARMACEUTICO/LOJA";"VP VAREJO";"OPERACOES LOJAS";""
"3079";"TMO - 160 - SUBGERENTE/LIDER";"VP VAREJO";"OPERACOES LOJAS";""
"2999";"TMO - 190 - EQUIPE LOJA";"VP VAREJO";"OPERACOES LOJAS";""
"2882";"TMO - 145 - GER FARMACEUTICO/LOJA";"VP VAREJO";"OPERACOES LOJAS";""
"1707";"GO EQUIPE LINHA 3/CONTROLADO - T3";"PRESIDENCIA";"LOGISTICA";""
"2541";"ROS - 441 - GER FARMACEUTICO/LOJA";"VP VAREJO";"OPERACOES VAREJO";""
"3031";"TMO - 178 - SUBGERENTE/LIDER";"VP VAREJO";"OPERACOES LOJAS";""
"3608";"GER TECNOLOGIA INFORMACAO";"PRESIDENCIA";"TECNOLOGIA INFORMACAO";""
"185";"GER OPERACAO TMO";"VP VAREJO";"OPERACOES VAREJO";""
"1458";"COORD CONTABILIDADE E CUSTOS";"PRESIDENCIA";"FINANCEIRO DISTRIBUICAO";""
"2605";"ROS - 352 - GER FARMACEUTICO/LOJA";"VP VAREJO";"OPERACOES VAREJO";""
"3169";"DML - 625 - EQUIPE LOJA";"VP VAREJO";"OPERACOES VAREJO";""
"2888";"TMO - 177 - GER FARMACEUTICO/LOJA";"VP VAREJO";"OPERACOES LOJAS";""
"2993";"TMO - 149 - EQUIPE LOJA";"VP VAREJO";"OPERACOES LOJAS";""
"2571";"ROS - 303 - EQUIPE LOJA";"VP VAREJO";"OPERACOES LOJAS";""
"2043";"SUP CDRJ TELEMKT OL";"VP COMERCIAL";"PLANEJAMENTO DE VENDAS";""
"1755";"RS EQUIPE RECEBIMENTO - T1";"PRESIDENCIA";"LOGISTICA";""
"227";"EQUIPE SUPPLY CHAIN GRANDES CONTAS COMERCIAL";"PRESIDENCIA";"SUPPLY CHAIN";""
"3778";"EQUIPE TECNOLOGIA INFORMACAO PFS";"PRESIDENCIA";"TECNOLOGIA DA INFORMAÇÃO";""
"3238";"TO ENCARREGADO D&E";"PRESIDENCIA";"LOGISTICA";""
"1964";"EQUIPES SPI 2";"VP COMERCIAL";"VENDAS";""
"2233";"MG EQUIPE PRODUCAO - T2";"PRESIDENCIA";"LOGISTICA";""
"2403";"DML - 44 - GER FARMACEUTICO/LOJA";"VP VAREJO";"OPERACOES VAREJO";""
"2986";"TMO - 121 - EQUIPE LOJA";"VP VAREJO";"OPERACOES LOJAS";""
"3665";"SPC EQUIPE SPECIALTY";"VP SPECIALTY";"VP SPECIALTY";""
"3805";"EQUIPE AUDITORIA";"VP ESTRATEGIA E FINANCAS";"AUDITORIA E COMPLIANCE";""
"2224";"SP SUP GPP, GR e DEVOLUCAO";"PRESIDENCIA";"FINANCEIRO DISTRIBUICAO";""
"1417";"DIRETORIA ESTRATEGIA E GESTAO";"PRESIDENCIA";"ESTRATEGIA E GESTAO";""
"3714";"SPC COORD OPERACOES PFS";"PRESIDENCIA";"DIRETORIA EXECUTIVA LOGISTICA";""
"2035";"SUP PE - 3";"VP COMERCIAL";"VENDAS";""
"3298";"EQUIPE LOGISTICA PCP";"PRESIDENCIA";"LOGISTICA";""
"2059";"EQUIPE M&A";"PRESIDENCIA";"LOGISTICA";""
"2771";"ROS - 377 - GER FARMACEUTICO/LOJA";"VP VAREJO";"OPERACOES LOJAS";""
"2294";"DML - 34 - GER FARMACEUTICO/LOJA";"VP VAREJO";"OPERACOES LOJAS";""
"2101";"MT EQUIPE M&A";"PRESIDENCIA";"LOGISTICA";""
"1844";"AL ENCARREGADO PRODUCAO - T2";"PRESIDENCIA";"LOGISTICA";""
"113";"EQUIPE FISCAL VAREJO 1";"VP ESTRATEGIA E FINANCAS";"TRIBUTARIA E FISCAL";""
"3456";"MT ENCARREGADO D&E - T3";"PRESIDENCIA";"LOGISTICA";""
"2320";"DML - 81 - SUBGERENTE";"VP VAREJO";"OPERACOES LOJAS";""
"1860";"PB EQUIPE D&E TRANSPORTE";"PRESIDENCIA";"LOGISTICA";""
"2205";"SUP SPC 6";"VP COMERCIAL";"VENDAS";""
"2404";"DML - 45 - GER FARMACEUTICO/LOJA";"VP VAREJO";"OPERACOES LOJAS";""
"3143";"DML - 2 - SUBGERENTE";"VP VAREJO";"OPERACOES LOJAS";""
"2639";"ROS - 462 - SUBGERENTE/LIDER";"VP VAREJO";"OPERACOES VAREJO";""
"17";"GER SISTEMAS DISTRIBUICAO";"PRESIDENCIA";"TECNOLOGIA INFORMACAO";""
"3119";"DML - 25 - GER FARMACEUTICO/LOJA";"VP VAREJO";"OPERACOES LOJAS";""
"2305";"DML - 609 - GER FARMACEUTICO/LOJA";"VP VAREJO";"OPERACOES VAREJO";""
"2179";"MG SUP M&A 2";"PRESIDENCIA";"LOGISTICA";""
"2656";"ROS - 361 - EQUIPE LOJA";"VP VAREJO";"OPERACOES LOJAS";""
"3464";"MT EQUIPE M&A MEZANINO - T3";"PRESIDENCIA";"LOGISTICA";""
"3193";"GER E-COMMERCE VAREJO";"VP VAREJO";"OPERACOES VAREJO";""
"2489";"DML - 17 - SUBGERENTE";"VP VAREJO";"OPERACOES LOJAS";""
"1528";"RJ EQUIPE ARMAZENAGEM - T1";"PRESIDENCIA";"LOGISTICA";""
"2818";"TMO - 144 - GER FARMACEUTICO/LOJA";"VP VAREJO";"OPERACOES LOJAS";""
"2962";"TMO - 118 - SUBGERENTE/LIDER";"VP VAREJO";"OPERACOES VAREJO";""
"1696";"GO EQUIPE FATURAMENTO";"PRESIDENCIA";"LOGISTICA";""
"1662";"SUP MG NORTE 2";"VP COMERCIAL";"VENDAS";""
"3414";"DML - EQUIPE NOVAS LOJAS";"VP VAREJO";"OPERACOES LOJAS";""
"2508";"DML - 23 - EQUIPE LOJA";"VP VAREJO";"OPERACOES LOJAS";""
"408";"RJ EQUIPE EXPEDICAO - T1";"PRESIDENCIA";"LOGISTICA";""
"1420";"GER GESTAO";"PRESIDENCIA";"PRESIDENCIA";""
"1724";"DF ENCARREGADO PICKING - T3";"PRESIDENCIA";"LOGISTICA";""
"3678";"DF ENCARREGADO SEPARACAOLOOP 3";"PRESIDENCIA";"LOGISTICA";""
"2899";"TMO - 136 - SUBGERENTE/LIDER";"VP VAREJO";"OPERACOES LOJAS";""
"2482";"DML - 611 - GER FARMACEUTICO/LOJA";"VP VAREJO";"OPERACOES LOJAS";""
"2092";"TIME DIRETORIA TI";"PRESIDENCIA";"TECNOLOGIA INFORMACAO";""
"2580";"ROS - 336 - EQUIPE LOJA";"VP VAREJO";"OPERACOES LOJAS";""
"2023";"EQUIPES MG NORTE 3";"VP COMERCIAL";"VENDAS";""
"2278";"DML - 601 - SUBGERENTE";"VP VAREJO";"OPERACOES LOJAS";""
"2646";"ROS - 335 - EQUIPE LOJA";"VP VAREJO";"OPERACOES VAREJO";""
"3682";"DF EQUIPE PICKING LOOP 1 E 2";"PRESIDENCIA ";"LOGISTICA";""
"2921";"TMO - 143 - EQUIPE LOJA";"VP VAREJO";"OPERACOES LOJAS";""
"3429";"GER PLANEJAMENTO COMERCIAL";"VP COMERCIAL";"VP COMERCIAL";""
"2145";"SUP CONTAS SP";"VP COMERCIAL";"VENDAS";""
"2902";"TMO - 145 - SUBGERENTE/LIDER";"VP VAREJO";"OPERACOES LOJAS";""
"1909";"RJ ENCARREGADO CRDK - T2";"PRESIDENCIA";"LOGISTICA";""
"2378";"DML - 6 - EQUIPE LOJA";"VP VAREJO";"OPERACOES LOJAS";""
"41";"SUP FACILITIES - PAGAMENTOS";"VP CORPORATIVA";"CENTRO SERVICOS COMPARTILHADOS";""
"2414";"DML - 608 - GER FARMACEUTICO/LOJA";"VP VAREJO";"OPERACOES LOJAS";""
"2421";"DML - 12 - SUBGERENTE";"VP VAREJO";"OPERACOES LOJAS";""
"1779";"PR EQUIPE RECEBIMENTO/ARMAZENAGEM - T3";"PRESIDENCIA";"LOGISTICA";""
"2127";"GER CONTAS E REDES NE";"VP COMERCIAL";"VENDAS";""
"1400";"COORD ADMINISTRACAO DE PESSOAL";"PRESIDENCIA";"ADMINISTRATIVO FINANCEIRA";""
"2488";"DML - 15 - SUBGERENTE";"VP VAREJO";"OPERACOES LOJAS";""
"1729";"DF ENCARREGADO D&E - T1";"PRESIDENCIA";"LOGISTICA";""
"2185";"SPC EQUIPE GEO/QUALIDADE - T1";"PRESIDENCIA";"LOGISTICA";""
"2833";"TMO - 109 - SUBGERENTE/LIDER";"VP VAREJO";"OPERACOES LOJAS";""
"2665";"ROS - 309 - GER FARMACEUTICO/LOJA";"VP VAREJO";"OPERACOES LOJAS";""
"118";"SUPERINTENDENCIA REMUNERACAO";"PRESIDENCIA";"CULTURA E GESTAO DE GENTE";""
"2302";"DML - 95 - GER FARMACEUTICO/LOJA";"VP VAREJO";"OPERACOES LOJAS";""
"2557";"ROS - 348 - SUBGERENTE/LIDER";"VP VAREJO";"OPERACOES LOJAS";""
"2137";"GER REDES SUL E SP";"VP COMERCIAL";"VENDAS";""
"3523";"ROS - 475 - EQUIPE LOJA";"VP VAREJO";"OPERACOES LOJAS";""
"90";"EQUIPE COMPLIANCE";"PRESIDENCIA";"ESG";""
"3720";"BA EQUIPE PRODUCAO - T3";"PRESIDENCIA";"LOGISTICA";""
"1939";"EQUIPES SC 1";"VP COMERCIAL";"VENDAS";""
"2598";"ROS - 323 - GER FARMACEUTICO/LOJA";"VP VAREJO";"OPERACOES LOJAS";""
"2351";"DML - 31 - GER FARMACEUTICO/LOJA";"VP VAREJO";"OPERACOES LOJAS";""
"2514";"DML - 69 - EQUIPE LOJA";"VP VAREJO";"OPERACOES LOJAS";""
"2071";"GER CANAIS";"VP COMERCIAL";"PLANEJAMENTO VENDAS";""
"2852";"TMO - 108 - EQUIPE LOJA";"VP VAREJO";"OPERACOES LOJAS";""
"3572";"DIRETORIA COMERCIAL VACINAS SPECIALTY";"VP SPECIALTY";"VP SPECIALTY";""
"3775";"ES, RJ e DF OPERACOES PFS";"VP SPECIALTY";"VP SPECIALTY";""
"2769";"ROS - 368 - GER FARMACEUTICO/LOJA";"VP VAREJO";"OPERACOES LOJAS";""
"2148";"EQUIPE CONTAS RJ";"VP COMERCIAL";"VENDAS";""
"3607";"EQUIPE COMERCIAL SPECIALTY (CALL CENTER E TIME EXTERNO)";"VP SPECIALTY";"VP SPECIALTY";""
"1556";"RJ EQUIPE ARMAZENAGEM - T2";"PRESIDENCIA";"LOGISTICA";""
"3588";"ROS - 468 - EQUIPE LOJA";"VP VAREJO";"OPERACOES VAREJO";""
"2011";"RN EQUIPE D&E TRANSPORTE";"PRESIDENCIA";"LOGISTICA";""
"2819";"TMO - 158 - GER FARMACEUTICO/LOJA";"VP VAREJO";"OPERACOES LOJAS";""
"1685";"SUP MG - J&J";"VP COMERCIAL";"VENDAS";""
"2632";"ROS - 356 - SUBGERENTE/LIDER";"VP VAREJO";"OPERACOES LOJAS";""
"177";"DIRETORIA EXPANSAO";"VP VAREJO";"OPERACOES VAREJO";""
"1397";"GER TRABALHISTA";"VP ESTRATEGIA E FINANCAS";"JURIDICO";""
"3048";"TMO - 170 - EQUIPE LOJA";"VP VAREJO";"OPERACOES LOJAS";""
"2838";"TMO - 144 - SUBGERENTE/LIDER";"VP VAREJO";"OPERACOES LOJAS";""
"3408";"DML - 631 - GER FARMACEUTICO/LOJA";"VP VAREJO";"OPERACOES LOJAS";""
"2444";"DML - 9 - EQUIPE LOJA";"VP VAREJO";"OPERACOES LOJAS";""
"2680";"ROS - 386 - GER FARMACEUTICO/LOJA";"VP VAREJO";"OPERACOES VAREJO";""
"2218";"DIRETORIA EXECUTIVA  LOGISTICA";"PRESIDENCIA";"LOGISTICA";""
"161";"COORD MEX";"VP VAREJO";"MARKETING VAREJO";""
"1560";"RJ EQUIPE BLOQ";"PRESIDENCIA";"LOGISTICA";""
"3187";"GER FACILITIES E MANUTENCAO VAREJO E SEDE";"PRESIDENCIA";"FINANCEIRO VAREJO";""
"423";"SPC EQUIPE ABASTECIMENTO - T1";"PRESIDENCIA";"LOGISTICA";""
"1766";"PR EQUIPE GR";"PRESIDENCIA";"FINANCEIRO DISTRIBUICAO";""
"2326";"DML - 616 - SUBGERENTE";"VP VAREJO";"OPERACOES LOJAS";""
"3730";"ROS - 390 - GER FARMACEUTICO/LOJA";"VP VAREJO";"OPERACOES LOJAS";""
"2795";"ROS - 333 - EQUIPE LOJA";"VP VAREJO";"OPERACOES LOJAS";""
"173";"GER RX";"VP VAREJO";"COMERCIAL VAREJO";""
"3036";"TMO - 113 - EQUIPE LOJA";"VP VAREJO";"OPERACOES LOJAS";""
"2802";"ROS - 352 - EQUIPE LOJA";"VP VAREJO";"OPERACOES LOJAS";""
"2297";"DML - 63 - GER FARMACEUTICO/LOJA";"VP VAREJO";"OPERACOES LOJAS";""
"3648";"GER TRANSPORTE";"PRESIDENCIA";"LOGISTICA";""
"2969";"TMO - 148 - SUBGERENTE/LIDER";"VP VAREJO";"OPERACOES LOJAS";""
"3690";"MT GER OPERACOES";"PRESIDENCIA ";"LOGISTICA";""
"60";"EQUIPE COORD PRODUCAO TI";"PRESIDENCIA";"TECNOLOGIA INFORMACAO";""
"3800";"COORD FINANCEIRA CONTAS A RECEBER";"PRESIDENCIA";"FINANCEIRO VAREJO";""
"1861";"PB ENCARREGADO RECEBIMENTO/ESTOQUE - T1";"PRESIDENCIA";"LOGISTICA";""
"160";"COORD MARKETING VAREJO 1";"VP VAREJO";"MARKETING VAREJO";""
"3300";"MT SUP CGG";"PRESIDENCIA";"CULTURA E GESTAO DE GENTE";""
"2786";"ROS - 365 - SUBGERENTE/LIDER";"VP VAREJO";"OPERACOES LOJAS";""
"3279";"GER PREVENCAO PERDAS VAR";"PRESIDENCIA";"FINANCEIRO VAREJO";""
"3760";"ROS - 467 - EQUIPE LOJA";"VP VAREJO";"OPERACOES LOJAS";""
"2547";"ROS - 305 - SUBGERENTE/LIDER";"VP VAREJO";"OPERACOES LOJAS";""
"3559";"DML - 638 - GER FARMACEUTICO/LOJA";"VP VAREJO";"OPERACOES LOJAS";""
"2247";"DML - 68 - GER FARMACEUTICO/LOJA";"VP VAREJO";"OPERACOES LOJAS";""
"2764";"ROS - 345 - GER FARMACEUTICO/LOJA";"VP VAREJO";"OPERACOES LOJAS";""
"1899";"BA ENCARREGADO D&E - T1";"PRESIDENCIA";"LOGISTICA";""
"2971";"TMO - 157 - SUBGERENTE/LIDER";"VP VAREJO";"OPERACOES LOJAS";""
"3261";"COORD PLANEJAMENTO DE VENDAS";"VP COMERCIAL";"PLANEJAMENTO VENDAS";""
"121";"GER TREINAMENTO VAREJO";"PRESIDENCIA";"CULTURA E GESTAO DE GENTE";""
"2372";"DML - 49 - SUBGERENTE";"VP VAREJO";"OPERACOES LOJAS";""
"2095";"EQUIPE GER PE";"VP COMERCIAL";"VENDAS";""
"1579";"SPC EQUIPE RECONFERENCIA - T3";"PRESIDENCIA";"LOGISTICA";""
"3759";"ROS - 467 - SUBGERENTE/LIDER";"VP VAREJO";"OPERACOES LOJAS";""
"2296";"DML - 56 - GER FARMACEUTICO/LOJA";"VP VAREJO";"OPERACOES LOJAS";""
"2067";"GER RTM - INDEPENDENTES E ASSOCIACOES";"VP COMERCIAL";"PLANEJAMENTO VENDAS";""
"2537";"ROS - 370 - GER FARMACEUTICO/LOJA";"VP VAREJO";"OPERACOES VAREJO";""
"3684";"SPI GER OPERACOES";"PRESIDENCIA ";"LOGISTICA";""
"3348";"TMO - 191 - GER FARMACEUTICO/LOJA";"VP VAREJO";"OPERACOES LOJAS";""
"3445";"EQUIPE EXPANSAO 2";"VP VAREJO";"OPERACOES VAREJO";""
"3285";"EQUIPE PLANEJAMENTO COMERCIAL";"VP COMERCIAL";"COMERCIAL";""
"2926";"TMO - 159 - EQUIPE LOJA";"VP VAREJO";"OPERACOES VAREJO";""
"1490";"EQUIPE GR SEDE";"PRESIDENCIA";"FINANCEIRO DISTRIBUICAO";""
"3305";"AL EQUIPE FACILITIES";"PRESIDENCIA";"FINANCEIRO DISTRIBUICAO";""
"3693";"DF SUP CGG";"PRESIDENCIA ";"CULTURA E GESTAO DE GENTE";""
"1868";"PB EQUIPE BLOQ";"PRESIDENCIA";"LOGISTICA";""
"2591";"ROS - 441 - EQUIPE LOJA";"VP VAREJO";"OPERACOES VAREJO";""
"106";"SUP PREVENCAO DE PERDAS - OPERACIONAL";"PRESIDENCIA";"FINANCEIRO VAREJO";""
"378";"RJ ENCARREGADO EXPEDICAO - T1";"PRESIDENCIA";"LOGISTICA";""
"3710";"ESPEC. RM";"VP COMERCIAL";"PLANEJAMENTO VENDAS";""
"3447";"EQUIPE OBRAS";"VP VAREJO";"OPERACOES VAREJO";""
"2110";"MT EQUIPE FARMACEUTICO";"PRESIDENCIA";"LOGISTICA";""
"1406";"FACILITIES - ADMINISTRATIVO";"VP CORPORATIVA";"CENTRO SERVICOS COMPARTILHADOS";""
"3616";"TMO - 225 - GER FARMACEUTICO/LOJA";"VP VAREJO";"OPERACOES LOJAS";""
"2532";"ROS - 348 - GER FARMACEUTICO/LOJA";"VP VAREJO";"OPERACOES LOJAS";""
"1872";"PB EQUIPE GPP";"PRESIDENCIA";"FINANCEIRO DISTRIBUICAO";""
"1472";"COORD CREDITO E COBRANCA";"PRESIDENCIA";"FINANCEIRO DISTRIBUICAO";""
"2684";"ROS - 441 - GER FARMACEUTICO/LOJA";"VP VAREJO";"OPERACOES LOJAS";""
"1511";"COORD LOGISTICA D1000";"PRESIDENCIA";"LOGISTICA";""
"348";"PAs EXCLUSIVAS";"VP COMERCIAL";"VENDAS";""
"1590";"SPC ENCARREGADO D&E";"PRESIDENCIA";"LOGISTICA";""
"1731";"DF ENCARREGADO D&E - T3";"PRESIDENCIA";"LOGISTICA";""
"1751";"RS EQUIPE M&A QUALIDADE";"PRESIDENCIA";"LOGISTICA";""
"2752";"ROS - 402 - EQUIPE LOJA";"VP VAREJO";"OPERACOES LOJAS";""
"1533";"RJ ENCARREGADO CONFERENCIA - T2";"PRESIDENCIA";"LOGISTICA";""
"3706";"EQUIPE LOCAFARMA";"PRESIDENCIA";"LOGISTICA";""
"2530";"ROS - 336 - GER FARMACEUTICO/LOJA";"VP VAREJO";"OPERACOES LOJAS";""
"1596";"SPC EQUIPE CRDK/FOB - T1";"PRESIDENCIA";"LOGISTICA";""
"1700";"GO ENCARREGADO PRODUCAO - T1";"PRESIDENCIA";"LOGISTICA";""
"2159";"SPC ENCARREGADO PICKING/LINHA 3 - T2";"PRESIDENCIA";"LOGISTICA";""
"2747";"ROS - 408 - SUBGERENTE/LIDER";"VP VAREJO";"OPERACOES LOJAS";""
"3014";"TMO - 179 - GER FARMACEUTICO/LOJA";"VP VAREJO";"OPERACOES LOJAS";""
"1886";"BA ENCARREGADO RECONFERENCIA/EMBALAGEM - T3";"PRESIDENCIA";"LOGISTICA";""
"3324";"DML - 628 - GER FARMACEUTICO/LOJA";"VP VAREJO";"OPERACOES LOJAS";""
"3385";"DML - 627 - EQUIPE LOJA";"VP VAREJO";"OPERACOES LOJAS";""
"3081";"TMO - 168 - SUBGERENTE/LIDER";"VP VAREJO";"OPERACOES LOJAS";""
"2328";"DML - 7 - EQUIPE LOJA";"VP VAREJO";"OPERACOES LOJAS";""
"3585";"ROS - 438 - EQUIPE LOJA";"VP VAREJO";"OPERACOES LOJAS";""
"3411";"ROS - 412 - SUBGERENTE/LIDER";"VP VAREJO";"OPERACOES LOJAS";""
"2398";"DML - 19 - GER FARMACEUTICO/LOJA";"VP VAREJO";"OPERACOES VAREJO";""
"35";"COORD GRO";"PRESIDENCIA";"FINANCEIRO DISTRIBUICAO";""
"3141";"DML - 1 - SUBGERENTE";"VP VAREJO";"OPERACOES LOJAS";""
"2420";"DML - 11 - SUBGERENTE";"VP VAREJO";"OPERACOES LOJAS";""
"1969";"EQUIPES BA 3";"VP COMERCIAL";"VENDAS";""
"3017";"TMO - 220 - GER FARMACEUTICO/LOJA";"VP VAREJO";"OPERACOES LOJAS";""
"20";"GER PROJETOS TI";"PRESIDENCIA";"TECNOLOGIA INFORMACAO";""
"2029";"EQUIPES MG";"VP COMERCIAL";"VENDAS";""
"3256";"EQUIPE FINANCEIRO";"PRESIDENCIA";"FINANCEIRO DISTRIBUICAO";""
"1877";"BA EQUIPE M&A QUALIDADE";"PRESIDENCIA";"LOGISTICA";""
"1692";"GO EQUIPE MANUTENCAO PREDIAL";"PRESIDENCIA";"FINANCEIRO DISTRIBUICAO";""
"2005";"EQUIPE HOSPITALAR RJ";"VP COMERCIAL";"VENDAS";""
"2512";"DML - 59 - EQUIPE LOJA";"VP VAREJO";"OPERACOES LOJAS";""
"3725";"SPC EQUIPE M&A SPECIALTY";"PRESIDENCIA";"LOGISTICA";""
"3003";"TMO - 133 - GER FARMACEUTICO/LOJA";"VP VAREJO";"OPERACOES LOJAS";""
"2693";"ROS - 321 - SUBGERENTE/LIDER";"VP VAREJO";"OPERACOES LOJAS";""
"2759";"ROS - 333 - GER FARMACEUTICO/LOJA";"VP VAREJO";"OPERACOES LOJAS";""
"1954";"EQUIPES MG NORTE 2";"VP COMERCIAL";"VENDAS";""
"2895";"TMO - 120 - SUBGERENTE/LIDER";"VP VAREJO";"OPERACOES LOJAS";""
"3322";"DML - 626 - GER FARMACEUTICO/LOJA";"VP VAREJO";"OPERACOES LOJAS";""
"1625";"SPI ENCARREGADO D&E - T1";"PRESIDENCIA";"LOGISTICA";""
"1894";"BA EQUIPE GPP";"PRESIDENCIA";"FINANCEIRO DISTRIBUICAO";""
"2217";"SPI COORD OPERACOES";"PRESIDENCIA";"LOGISTICA";""
"2960";"TMO - 114 - SUBGERENTE/LIDER";"VP VAREJO";"OPERACOES LOJAS";""
"1896";"BA EQUIPE MANUTENCAO PREDIAL";"PRESIDENCIA";"FINANCEIRO DISTRIBUICAO";""
"2283";"DML - 84 - EQUIPE LOJA";"VP VAREJO";"OPERACOES LOJAS";""
"1567";"RJ EQUIPE D&E";"PRESIDENCIA";"LOGISTICA";""
"2098";"EQUIPE GOVERNANCA";"PRESIDENCIA";"TECNOLOGIA INFORMACAO";""
"2845";"TMO - 175 - SUBGERENTE/LIDER";"VP VAREJO";"OPERACOES LOJAS";""
"2453";"DML - 44 - EQUIPE LOJA";"VP VAREJO";"OPERACOES VAREJO";""
"1643";"SUP PR 1";"VP COMERCIAL";"VENDAS";""
"40";"SUP FACILITIES - ADMINISTRATIVA";"VP CORPORATIVA";"CENTRO SERVICOS COMPARTILHADOS";""
"3086";"TMO - 122 - EQUIPE LOJA";"VP VAREJO";"OPERACOES LOJAS";""
"3463";"MT EQUIPE M&A PRODUCAO - T3";"PRESIDENCIA";"LOGISTICA";""
"3085";"TMO - 196 - SUBGERENTE/LIDER";"VP VAREJO";"OPERACOES LOJAS";""
"2060";"RJ EQUIPE CRDK";"PRESIDENCIA";"LOGISTICA";""
"2216";"EQUIPES REDES AL";"VP COMERCIAL";"VENDAS";""
"3520";"MG LOCARFARMA EQUIPE";"PRESIDENCIA";"LOGISTICA";""
"270";"SUP RJ/ES - J&J";"VP COMERCIAL";"VENDAS";""
"2946";"TMO - 148 - GER FARMACEUTICO/LOJA";"VP VAREJO";"OPERACOES LOJAS";""
"76";"EQUIPE FINANCEIRA - TESOURARIA";"PRESIDENCIA";"ADMINISTRATIVO FINANCEIRA";""
"2473";"DML - 19 - GER FARMACEUTICO/LOJA";"VP VAREJO";"OPERACOES LOJAS";""
"2811";"TMO - 101 - GER FARMACEUTICO/LOJA";"VP VAREJO";"OPERACOES LOJAS";""
"2651";"ROS - 352 - EQUIPE LOJA";"VP VAREJO";"OPERACOES VAREJO";""
"3565";"TMO - 224 - GER FARMACEUTICO/LOJA";"VP VAREJO";"OPERACOES LOJAS";""
"3653";"TMO - 223 - SUBGERENTE/LIDER";"VP VAREJO";"OPERACOES LOJAS";""
"2625";"ROS - 342 - SUBGERENTE/LIDER";"VP VAREJO";"OPERACOES LOJAS";""
"3387";"DML - 44 - EQUIPE LOJA";"VP VAREJO";"OPERACOES LOJAS";""
"2860";"TMO - 162 - EQUIPE LOJA";"VP VAREJO";"OPERACOES LOJAS";""
"3160";"DML - 26 - EQUIPE LOJA";"VP VAREJO";"OPERACOES LOJAS";""
"1855";"SE/BA SUP D&E";"PRESIDENCIA";"LOGISTICA";""
"1444";"SUP SPC 7";"VP COMERCIAL";"VENDAS";""
"2935";"TMO - 107 - GER FARMACEUTICO/LOJA";"VP VAREJO";"OPERACOES LOJAS";""
"156";"GER MARKETING VAREJO E CONVENIO";"VP VAREJO";"MARKETING VAREJO";""
"3431";"COORD INTELIGENCIA MERCADO";"VP VAREJO";"VP VAREJO";""
"1616";"SPI EQUIPE CRDK";"PRESIDENCIA";"LOGISTICA";""
"2171";"RJ ENCARREGADO GEOGRAFICA - T1";"PRESIDENCIA";"LOGISTICA";""
"2390";"DML - 60 - EQUIPE LOJA";"VP VAREJO";"OPERACOES LOJAS";""
"2190";"EQUIPE PLANEJAMENTO FINANCEIRO";"PRESIDENCIA";"ADMINISTRATIVO FINANCEIRA";""
"2538";"ROS - 374 - GER FARMACEUTICO/LOJA";"VP VAREJO";"OPERACOES LOJAS";""
"3407";"TMO - 222 - EQUIPE LOJA";"VP VAREJO";"OPERACOES LOJAS";""
"2748";"ROS - 417 - SUBGERENTE/LIDER";"VP VAREJO";"OPERACOES LOJAS";""
"3468";"COORD SUPPLY CHAIN DEMANDA";"PRESIDENCIA";"SUPPLY CHAIN";""
"3197";"EQUIPE GROWTH VAREJO";"VP VAREJO";"OPERACOES VAREJO";""
"3204";"COORD TRADE VAREJO";"VP VAREJO";"COMERCIAL VAREJO";""
"145";"INOVACAO - CULTURA INOVACAO";"PRESIDENCIA";"INOVACAO";""
"2827";"TMO - 191 - GER FARMACEUTICO/LOJA";"VP VAREJO";"OPERACOES VAREJO";""
"1884";"BA ENCARREGADO PICKING - T3";"PRESIDENCIA";"LOGISTICA";""
"3685";"DF GER OPERACOES";"PRESIDENCIA ";"LOGISTICA";""
"1912";"ES SUP M&A";"PRESIDENCIA";"LOGISTICA";""
"1704";"GO ENCARREGADO PICKING/CONFERENCIA - T3";"PRESIDENCIA";"LOGISTICA";""
"1542";"RJ EQUIPE PICKING MEZANINO - T3";"PRESIDENCIA";"LOGISTICA";""
"461";"SPC EQUIPE PICKING/LINHA 3 - T3";"PRESIDENCIA";"LOGISTICA";""
"2480";"DML - 69 - GER FARMACEUTICO/LOJA";"VP VAREJO";"OPERACOES LOJAS";""
"2040";"EQUIPE CGG CDs (AL, PE, PB, BA, SE, RN, MG, MT, SPC e SPI)";"PRESIDENCIA";"CULTURA E GESTAO DE GENTE";""
"2257";"DML - 97 - SUBGERENTE";"VP VAREJO";"OPERACOES VAREJO";""
"1986";"RJ/MG - SANFONI";"PRESIDENCIA";"LOGISTICA";""
"1832";"PE ENCARREGADO M&A - T2";"PRESIDENCIA";"LOGISTICA";""
"2344";"DML - 613 - EQUIPE LOJA";"VP VAREJO";"OPERACOES VAREJO";""
"2149";"EQUIPE ESG";"PRESIDENCIA";"ESG";""
"3262";"EQUIPE COORD PLANEJAMENTO DE VENDAS";"VP COMERCIAL";"PLANEJAMENTO VENDAS";""
"2189";"SUPERINTENDENCIA RELACOES INVESTIDORES";"VP ESTRATEGIA E FINANCAS";"RELACOES INVESTIDORES";""
"2597";"ROS - 317 - GER FARMACEUTICO/LOJA";"VP VAREJO";"OPERACOES LOJAS";""
"3723";"SPC ENC SPECIALTY T1";"PRESIDENCIA";"LOGISTICA";""
"3159";"DML - 37 - EQUIPE LOJA";"VP VAREJO";"OPERACOES LOJAS";""
"3051";"TMO - 188 - EQUIPE LOJA";"VP VAREJO";"OPERACOES LOJAS";""
"3473";"MG ENCARREGADO EXPEDICAO - T2";"PRESIDENCIA";"LOGISTICA";""
"2614";"ROS - 394 - GER FARMACEUTICO/LOJA";"VP VAREJO";"OPERACOES LOJAS";""
"2017";"RS EQUIPE D&E TRANSPORTE";"PRESIDENCIA";"LOGISTICA";""
"2826";"TMO - 186 - GER FARMACEUTICO/LOJA";"VP VAREJO";"OPERACOES LOJAS";""
"104";"COORD GRC - MANUTENCAO";"PRESIDENCIA";"ADMINISTRATIVO FINANCEIRA";""
"210";"EQUIPE SUPPLY CHAIN VAREJO";"PRESIDENCIA";"SUPPLY CHAIN VAREJO";""
"1460";"GER CONSOLIDACAO";"PRESIDENCIA";"FINANCEIRO DISTRIBUICAO";""
"1702";"GO ENCARREGADO RECEBIMENTO - T1";"PRESIDENCIA";"LOGISTICA";""
"1839";"AL EQUIPE FATURAMENTO";"PRESIDENCIA";"LOGISTICA";""
"1394";"ESG";"PRESIDENCIA";"ESG";""
"1761";"RS EQUIPE D&E - T1";"PRESIDENCIA";"LOGISTICA";""
"1371";"SUPERINTENDENCIA GESTAO DE CATEGORIAS";"VP COMERCIAL";"COMERCIAL";""
"3605";"DML - 634 - SUBGERENTE";"VP VAREJO";"OPERACOES LOJAS";""
"1665";"SUP SPC 1";"VP COMERCIAL";"VENDAS";""
"3658";"RJ EQUIPE SPCIALTY";"VP SPECIALTY";"VP SPECIALTY";""
"2178";"SPC COORD CRDK";"PRESIDENCIA";"LOGISTICA";""
"2984";"TMO - 117 - EQUIPE LOJA";"VP VAREJO";"OPERACOES LOJAS";""
"1720";"DF ENCARREGADO ESTOQUE/ARMAZENAGEM - T1";"PRESIDENCIA";"LOGISTICA";""
"344";"CONSULTORES VENDAS 100%";"VP COMERCIAL";"VENDAS";""
"3314";"ES EQUIPE RECEBIMENTO - T1";"PRESIDENCIA";"LOGISTICA";""
"3571";"DIRETORIA COMERCIAL SPECIALTY";"VP SPECIALTY";"VP SPECIALTY";""
"3080";"TMO - 161 - SUBGERENTE/LIDER";"VP VAREJO";"OPERACOES LOJAS";""
"1895";"BA EQUIPE GR";"PRESIDENCIA";"LOGISTICA";""
"2337";"DML - 77 - EQUIPE LOJA";"VP VAREJO";"OPERACOES LOJAS";""
"3164";"DML - 1 - EQUIPE LOJA";"VP VAREJO";"OPERACOES LOJAS";""
"2215";"EQUIPES PE 4";"VP COMERCIAL";"VENDAS";""
"2271";"DML - 602 - GER FARMACEUTICO/LOJA";"VP VAREJO";"OPERACOES LOJAS";""
"3522";"ROS - 475 - SUBGERENTE/LIDER";"VP VAREJO";"OPERACOES LOJAS";""
"2813";"TMO - 109 - GER FARMACEUTICO/LOJA";"VP VAREJO";"OPERACOES LOJAS";""
"2115";"EQUIPE GESTAO";"PRESIDENCIA";"CULTURA E GESTAO DE GENTE";""
"3239";"TO D&E";"PRESIDENCIA";"TECNOLOGIA INFORMACAO";""
"2039";"ES ENCARREGADO D&E - T3";"PRESIDENCIA";"LOGISTICA";""
"1433";"EQUIPE REMUNERACAO - PROCESSOS";"PRESIDENCIA";"CULTURA E GESTAO DE GENTE";""
"346";"CONSULTORES VENDAS HIBRIDO";"VP COMERCIAL";"VENDAS";""
"1682";"SUP AL";"VP COMERCIAL";"VENDAS";""
"2169";"GER REGIONAL OPERACOES SP";"PRESIDENCIA";"LOGISTICA";""
"2230";"MG ENCARREGADO RECEBIMENTO - T2";"PRESIDENCIA";"LOGISTICA";""
"2779";"ROS - 338 - SUBGERENTE/LIDER";"VP VAREJO";"OPERACOES LOJAS";""
"1483";"RJ EQUIPE FACILITIES";"PRESIDENCIA";"FINANCEIRO DISTRIBUICAO";""
"1716";"DF ENCARREGADO CONFERENCIA/LOOP 3 - T1";"PRESIDENCIA";"LOGISTICA";""
"1903";"BA EQUIPE RECONFERENCIA/EMBALAGEM - T3";"PRESIDENCIA";"LOGISTICA";""
"72";"EQUIPE SUPRIMENTOS";"PRESIDENCIA";"ADMINISTRATIVO FINANCEIRA";""
"3512";"SPI ENCARREGADO AUTOMACAO";"PRESIDENCIA";"LOGISTICA";""
"2360";"DML - 606 - GER FARMACEUTICO/LOJA";"VP VAREJO";"OPERACOES LOJAS";""
"1525";"RJ ENCARREGADO LINHA 3 - T1";"PRESIDENCIA";"LOGISTICA";""
"3736";"TMO - 232 - GER FARMACEUTICO/LOJA";"VP VAREJO";"OPERACOES LOJAS";""
"3184";"SUPERINTENDENCIA PBM";"PRESIDENCIA";"FINANCEIRO VAREJO";""
"3745";"ROS - 474 - EQUIPE LOJA";"VP VAREJO";"OPERACOES LOJAS";""
"1654";"SUP RS 2";"VP COMERCIAL";"VENDAS";""
"1835";"PE EQUIPE M&A - T3";"PRESIDENCIA";"LOGISTICA";""
"1503";"COORD LOGISTICA ESTOQUE";"PRESIDENCIA";"LOGISTICA";""
"3696";"SE EQUIPE CGG";"PRESIDENCIA ";"CULTURA E GESTAO DE GENTE";""
"2777";"ROS - 333 - SUBGERENTE/LIDER";"VP VAREJO";"OPERACOES LOJAS";""
"1999";"EQUIPES MS";"VP COMERCIAL";"VENDAS";""
"2757";"ROS - 325 - GER FARMACEUTICO/LOJA";"VP VAREJO";"OPERACOES LOJAS";""
"1775";"PR EQUIPE RECEBIMENTO/ARMAZENAGEM - T1";"PRESIDENCIA";"LOGISTICA";""
"2947";"TMO - 149 - GER FARMACEUTICO/LOJA";"VP VAREJO";"OPERACOES LOJAS";""
"2997";"TMO - 184 - EQUIPE LOJA";"VP VAREJO";"OPERACOES LOJAS";""
"3094";"TMO - 151 - EQUIPE LOJA";"VP VAREJO";"OPERACOES LOJAS";""
"1764";"PR SUP OPERACOES";"PRESIDENCIA";"LOGISTICA";""
"3583";"ROS - 438 - GER FARMACEUTICO/LOJA";"VP VAREJO";"OPERACOES LOJAS";""
"2599";"ROS - 329 - GER FARMACEUTICO/LOJA";"VP VAREJO";"OPERACOES LOJAS";""
"2533";"ROS - 349 - GER FARMACEUTICO/LOJA";"VP VAREJO";"OPERACOES VAREJO";""
